id,condition_id,question,side,strategy,strategy_tag,entry_price,exit_price,shares,cost_basis,pnl,pnl_pct,close_reason,session_name,paper_trade,timestamp_open,timestamp_close,metadata,duration_hours
9481da08-4700-4fd8-9553-63d8d5e55fb1,0xcccb7e7613a087c132b69cbf3a02bece3fdcb824c1da54ae79acc8d4a562d902,GTA VI released before June 2026?,YES,PREDICTION_LLM,,0.021,0.0,1072.2161054582994,22.516538214624287,-22.516538214624287,-100.0,RESOLVED_LOSS,POLY_SESSION_001,True,2026-03-27 22:45:22.285298+00:00,2026-03-27 22:50:50.638901+00:00,"{'edge': 0.129, 'paper': True, 'reasoning': 'While the market suggests a very low probability of GTA VI being released before June 2026, historical trends for major game releases, especially from Rockstar, indicate that they often take several years in development. Given that the game has not been officially announced and the typical development cycle, I believe the true probability is higher than the market suggests but still low due to the uncertainty of release timelines.', 'confidence': 70, 'key_factors': ['Historical development timelines of major games', 'Lack of official announcements from Rockstar', 'Current gaming industry trends and delays'], 'estimated_prob': 0.15}",0.1
36e54a4d-b439-4f73-94ed-6470db6d9316,0xd4d00e5bf8b960cc37c74c1ec19e41e00b0706add203ddcfbb65ad006c5c223a,Will the Fed increase interest rates by 25+ bps after the April 2026 meeting?,YES,PREDICTION_LLM,,0.0215,0.0,979.3579267419328,21.056195424951554,-21.056195424951554,-100.0,RESOLVED_LOSS,POLY_SESSION_001,True,2026-03-27 22:45:38.369188+00:00,2026-03-27 22:50:51.170256+00:00,"{'edge': 0.1285, 'paper': True, 'reasoning': ""While the market implies a low probability of a rate increase, historical trends suggest that the Fed is cautious about making significant changes in interest rates, especially in a potentially uncertain economic environment. Given the time remaining until the resolution date, there could be shifts in economic indicators that might influence the Fed's decision, but current signals suggest a low likelihood of a 25+ bps increase."", 'confidence': 70, 'key_factors': ['current economic indicators', 'historical Fed behavior', 'market sentiment'], 'estimated_prob': 0.15}",0.1
69376f8a-7cae-44b1-9618-77cb00ab8183,0x0d14f5dc9fb3250ec888b1ac8d9fe9a0ce06f9d3ea60fdf138e8690622fea84c,Will the Fed decrease interest rates by 25 bps after the April 2026 meeting?,YES,PREDICTION_LLM,,0.0105,0.0,2047.1913979003054,21.49550967795321,-21.49550967795321,-100.0,RESOLVED_LOSS,POLY_SESSION_001,True,2026-03-27 22:45:45.813008+00:00,2026-03-27 22:50:51.522034+00:00,"{'edge': 0.13949999999999999, 'paper': True, 'reasoning': ""Given the current economic indicators and the Fed's recent policy stance, a decrease in interest rates by 25 bps seems unlikely, but not impossible. The market's low price suggests a consensus that a rate cut is improbable, yet there are uncertainties in economic conditions that could lead to a change in policy. Thus, I estimate a slightly higher probability than the market indicates."", 'confidence': 70, 'key_factors': ['Current inflation trends', 'Economic growth forecasts', ""Fed's historical rate adjustment patterns""], 'estimated_prob': 0.15}",0.1
b4919fa6-dfb5-494f-a06b-9ef9a6980f41,0x36e8ca24d2a13435f519f15580d42b45cdbe3bc425fb39a7c2733260357af0fa,Will there be no change in Fed interest rates after the April 2026 meeting?,NO,PREDICTION_LLM,,0.0355,0.0,532.8173461643862,18.91501578883571,-18.91501578883571,-100.0,RESOLVED_LOSS,POLY_SESSION_001,True,2026-03-27 22:45:48.467922+00:00,2026-03-27 22:50:51.703906+00:00,"{'edge': 0.11450000000000002, 'paper': True, 'reasoning': 'While the market price suggests a high probability of no change in Fed interest rates, historical trends show that the Fed often adjusts rates in response to economic conditions. Given the current economic indicators and potential inflationary pressures, there is a reasonable chance of a rate change, though it is likely to be limited. Thus, I estimate a lower probability than the market indicates, but still high.', 'confidence': 75, 'key_factors': ['historical Fed rate changes', 'current economic indicators', 'inflation trends'], 'estimated_prob': 0.85}",0.1
f5e478e0-ba9c-4b69-9bb0-6783c6d91040,0xcccb7e7613a087c132b69cbf3a02bece3fdcb824c1da54ae79acc8d4a562d902,GTA VI released before June 2026?,YES,PREDICTION_LLM,,0.021,0.0,820.111091863105,17.222332929125205,-17.222332929125205,-100.0,RESOLVED_LOSS,POLY_SESSION_001,True,2026-03-27 22:50:57.242233+00:00,2026-03-27 22:52:12.849390+00:00,"{'edge': 0.129, 'paper': True, 'reasoning': 'While the market suggests a very low probability of GTA VI releasing before June 2026, historical trends in game development, particularly for major franchises, indicate that delays are common. Given the current date and the typical development cycle for AAA games, a release before the deadline seems unlikely but not impossible, warranting a slightly higher estimate than the market price.', 'confidence': 70, 'key_factors': ['historical game release patterns', 'development cycles for AAA titles', 'current industry trends and announcements'], 'estimated_prob': 0.15}",0.0
3df4b634-7361-4d0a-8962-de295d826e55,0xd4d00e5bf8b960cc37c74c1ec19e41e00b0706add203ddcfbb65ad006c5c223a,Will the Fed increase interest rates by 25+ bps after the April 2026 meeting?,YES,PREDICTION_LLM,,0.0215,0.0,779.9325172729483,16.768549121368387,-16.768549121368387,-100.0,RESOLVED_LOSS,POLY_SESSION_001,True,2026-03-27 22:51:07.152381+00:00,2026-03-27 22:52:13.030857+00:00,"{'edge': 0.1285, 'paper': True, 'reasoning': ""Given the current economic indicators and the Fed's recent stance on interest rates, a 25+ bps increase seems less likely, especially with the market currently pricing it at only 2.1%. However, there is still uncertainty in the economic landscape that could influence future decisions, warranting a cautious estimate."", 'confidence': 70, 'key_factors': ['Current inflation trends', ""Fed's recent policy statements"", 'Economic growth forecasts'], 'estimated_prob': 0.15}",0.0
8a847db4-e8cc-4ad2-9e24-186eb4b8665e,0x0d14f5dc9fb3250ec888b1ac8d9fe9a0ce06f9d3ea60fdf138e8690622fea84c,Will the Fed decrease interest rates by 25 bps after the April 2026 meeting?,YES,PREDICTION_LLM,,0.0105,0.0,1675.0394525744034,17.587914252031236,-17.587914252031236,-100.0,RESOLVED_LOSS,POLY_SESSION_001,True,2026-03-27 22:51:11.954565+00:00,2026-03-27 22:52:13.229515+00:00,"{'edge': 0.13949999999999999, 'paper': True, 'reasoning': ""Given the current economic indicators and the Fed's recent stance on interest rates, a 25 bps decrease seems unlikely. However, with time until the resolution date, there is a small chance that economic conditions could shift significantly. Therefore, while the market suggests a very low probability, I believe a slightly higher estimate is warranted based on potential future developments."", 'confidence': 70, 'key_factors': ['Current economic indicators', ""Fed's recent policy trends"", 'Time until resolution allowing for potential changes'], 'estimated_prob': 0.15}",0.0
eccc59ec-4d59-4772-9794-1fd9f7fdf3cb,0x36e8ca24d2a13435f519f15580d42b45cdbe3bc425fb39a7c2733260357af0fa,Will there be no change in Fed interest rates after the April 2026 meeting?,NO,PREDICTION_LLM,,0.0355,0.0,435.9582971854606,15.47651955008385,-15.47651955008385,-100.0,RESOLVED_LOSS,POLY_SESSION_001,True,2026-03-27 22:51:14.454123+00:00,2026-03-27 22:52:13.403481+00:00,"{'edge': 0.11450000000000002, 'paper': True, 'reasoning': ""While the market price suggests a very high probability of no change in interest rates, historical trends show that the Fed often adjusts rates in response to economic conditions. Given the time remaining until the resolution date, there is still potential for economic shifts that could influence the Fed's decision, warranting a more cautious estimate."", 'confidence': 75, 'key_factors': ['historical Fed rate changes', 'current economic indicators', 'time remaining until resolution'], 'estimated_prob': 0.85}",0.0
102dc3af-d06b-4c73-8b57-6c64453fa5a5,0xcccb7e7613a087c132b69cbf3a02bece3fdcb824c1da54ae79acc8d4a562d902,GTA VI released before June 2026?,YES,PREDICTION_LLM,,0.021,0.0,672.849672983525,14.129843132654026,-14.129843132654026,-100.0,RESOLVED_LOSS,POLY_SESSION_001,True,2026-03-27 22:52:23.104361+00:00,2026-03-27 22:57:46.570408+00:00,"{'edge': 0.129, 'paper': True, 'reasoning': 'While the market suggests a very low probability of 2.1%, historical trends in game development and the significant anticipation surrounding GTA VI indicate a higher likelihood of release before June 2026. However, given the current date and the typical development timelines for major titles, I remain cautious in my estimate.', 'confidence': 70, 'key_factors': ['historical release patterns of major games', 'current development updates from Rockstar Games', 'market sentiment and community anticipation'], 'estimated_prob': 0.15}",0.1
30442957-eac4-435f-9ade-aa855221fc05,0xd4d00e5bf8b960cc37c74c1ec19e41e00b0706add203ddcfbb65ad006c5c223a,Will the Fed increase interest rates by 25+ bps after the April 2026 meeting?,YES,PREDICTION_LLM,,0.0215,0.0,639.8856745177613,13.757542002131869,-13.757542002131869,-100.0,RESOLVED_LOSS,POLY_SESSION_001,True,2026-03-27 22:52:35.892492+00:00,2026-03-27 22:57:46.731910+00:00,"{'edge': 0.1285, 'paper': True, 'reasoning': ""Given the current economic indicators and the Fed's recent stance on interest rates, a 25+ bps increase seems unlikely, especially with the market currently pricing it at only 2.1%. However, there is still uncertainty in economic conditions leading up to the meeting, which warrants a cautious estimate."", 'confidence': 70, 'key_factors': ['Current inflation trends', ""Fed's historical rate decisions"", 'Economic growth forecasts'], 'estimated_prob': 0.15}",0.1
d09830d7-02be-46f4-a58b-6c62dd897d1e,0x36e8ca24d2a13435f519f15580d42b45cdbe3bc425fb39a7c2733260357af0fa,Will there be no change in Fed interest rates after the April 2026 meeting?,NO,PREDICTION_LLM,,0.0355,0.0,366.724069689232,13.018704473967736,-13.018704473967736,-100.0,RESOLVED_LOSS,POLY_SESSION_001,True,2026-03-27 22:52:43.441640+00:00,2026-03-27 22:57:46.904209+00:00,"{'edge': 0.11450000000000002, 'paper': True, 'reasoning': 'While the market price suggests a very high probability of no change in Fed interest rates, historical data shows that the Fed can be influenced by economic conditions leading up to meetings. Given the current economic indicators and potential for unexpected developments, a slightly lower probability reflects a more cautious approach.', 'confidence': 75, 'key_factors': ['Current economic indicators', 'Historical Fed rate changes', 'Market sentiment leading up to the meeting'], 'estimated_prob': 0.85}",0.1
0d03fc8a-6c80-41a7-ac6c-c9518170ed52,0xcccb7e7613a087c132b69cbf3a02bece3fdcb824c1da54ae79acc8d4a562d902,GTA VI released before June 2026?,YES,PREDICTION_LLM,,0.0205,0.0,599.2437478398999,12.284496830717949,-12.284496830717949,-100.0,RESOLVED_LOSS,POLY_SESSION_001,True,2026-03-27 22:57:54.288010+00:00,2026-03-27 23:03:13.634023+00:00,"{'edge': 0.1295, 'paper': True, 'reasoning': 'While the market suggests a very low probability of GTA VI being released before June 2026, historical trends in game development suggest that major titles often face delays. However, given the significant anticipation and resources behind the GTA franchise, there is a reasonable chance for an earlier release than the market implies. Thus, I estimate a slightly higher probability than the market price.', 'confidence': 70, 'key_factors': ['historical release patterns of major games', 'development timelines for AAA titles', 'current industry trends and announcements'], 'estimated_prob': 0.15}",0.1
b34991cf-e329-441f-9ac8-fdb9a7f9c9be,0xd4d00e5bf8b960cc37c74c1ec19e41e00b0706add203ddcfbb65ad006c5c223a,Will the Fed increase interest rates by 25+ bps after the April 2026 meeting?,YES,PREDICTION_LLM,,0.0215,0.0,554.4081802425226,11.919775875214235,-11.919775875214235,-100.0,RESOLVED_LOSS,POLY_SESSION_001,True,2026-03-27 22:58:06.294815+00:00,2026-03-27 23:03:13.809236+00:00,"{'edge': 0.1285, 'paper': True, 'reasoning': 'While the market suggests a low probability of a rate increase, historical trends indicate that the Fed often adjusts rates in response to inflationary pressures or economic growth. Given the current economic indicators and the time remaining until the resolution date, there is a reasonable chance that the Fed may opt for a rate hike, but significant uncertainty remains.', 'confidence': 70, 'key_factors': ['Current inflation trends', 'Economic growth forecasts', 'Historical Fed rate adjustment patterns'], 'estimated_prob': 0.15}",0.1
ee93d208-7535-48b7-9e0e-2cb7f9b2e80e,0xcccb7e7613a087c132b69cbf3a02bece3fdcb824c1da54ae79acc8d4a562d902,GTA VI released before June 2026?,YES,PREDICTION_LLM,,0.0205,0.0,544.608672184258,11.16447777977729,-11.16447777977729,-100.0,RESOLVED_LOSS,POLY_SESSION_001,True,2026-03-27 23:03:25.842756+00:00,2026-03-27 23:08:49.532950+00:00,"{'edge': 0.1295, 'paper': True, 'reasoning': 'While the market suggests a very low probability of GTA VI being released before June 2026, historical trends in game development suggest that major titles often take several years to develop. Given that the game has been highly anticipated and there are indications of development progress, I believe the true probability is higher than the market suggests, but still low due to the typical timelines involved.', 'confidence': 70, 'key_factors': ['Historical game development timelines', 'Anticipation and marketing strategies of major game releases', 'Current development updates and leaks regarding GTA VI'], 'estimated_prob': 0.15}",0.1
7205b044-b5fd-44f9-8702-dfc39a24e6bf,0xd4d00e5bf8b960cc37c74c1ec19e41e00b0706add203ddcfbb65ad006c5c223a,Will the Fed increase interest rates by 25+ bps after the April 2026 meeting?,YES,PREDICTION_LLM,,0.0215,0.0,503.86091465845243,10.833009665156727,-10.833009665156727,-100.0,RESOLVED_LOSS,POLY_SESSION_001,True,2026-03-27 23:03:37.793606+00:00,2026-03-27 23:08:49.703272+00:00,"{'edge': 0.1285, 'paper': True, 'reasoning': ""Given the current economic indicators and the Fed's recent stance on interest rates, a 25+ bps increase seems unlikely. However, with the uncertainty of future economic conditions and potential inflationary pressures, there is a non-negligible chance of a rate hike. The market price suggests a very low probability, but I believe the true probability is slightly higher due to these factors."", 'confidence': 70, 'key_factors': ['current inflation trends', ""Fed's historical rate decisions"", 'economic growth forecasts'], 'estimated_prob': 0.15}",0.1
bffa58c6-bf1f-466c-897d-1b53eb66029b,0x0d14f5dc9fb3250ec888b1ac8d9fe9a0ce06f9d3ea60fdf138e8690622fea84c,Will the Fed decrease interest rates by 25 bps after the April 2026 meeting?,YES,PREDICTION_LLM,,0.0105,0.0,1082.1281225895693,11.362345287190479,-11.362345287190479,-100.0,RESOLVED_LOSS,POLY_SESSION_001,True,2026-03-27 23:03:43.190358+00:00,2026-03-27 23:08:49.935677+00:00,"{'edge': 0.13949999999999999, 'paper': True, 'reasoning': 'While the market suggests a very low probability of a rate decrease, historical trends indicate that the Fed may adjust rates in response to economic conditions. Given the current economic indicators and the time remaining until the meeting, there is a reasonable chance that a decrease could occur if inflation pressures ease significantly or economic growth slows.', 'confidence': 70, 'key_factors': ['Current economic indicators', 'Inflation trends', 'Historical Fed rate adjustments'], 'estimated_prob': 0.15}",0.1
fc12fca0-fda1-477d-905e-c3dc79705112,0xcccb7e7613a087c132b69cbf3a02bece3fdcb824c1da54ae79acc8d4a562d902,GTA VI released before June 2026?,YES,PREDICTION_LLM,,0.0205,0.0,469.30721581236384,9.62079792415346,-9.62079792415346,-100.0,RESOLVED_LOSS,POLY_SESSION_001,True,2026-03-27 23:08:57.762541+00:00,2026-03-27 23:14:21.359841+00:00,"{'edge': 0.1295, 'paper': True, 'reasoning': 'While the market suggests a very low probability of GTA VI releasing before June 2026, historical trends in game development, particularly for major franchises, indicate that delays are common. However, given the significant time remaining until the resolution date and the high volume of market activity, I believe there is a modest chance of an earlier release, but not as high as the market suggests.', 'confidence': 70, 'key_factors': ['historical delays in game releases', 'high market volume indicating strong sentiment', 'time remaining until resolution'], 'estimated_prob': 0.15}",0.1
0dd87af0-8810-4df6-806a-ecdcb4d8ca62,0xd4d00e5bf8b960cc37c74c1ec19e41e00b0706add203ddcfbb65ad006c5c223a,Will the Fed increase interest rates by 25+ bps after the April 2026 meeting?,YES,PREDICTION_LLM,,0.0205,0.0,458.4489465133871,9.398203403524436,-9.398203403524436,-100.0,RESOLVED_LOSS,POLY_SESSION_001,True,2026-03-27 23:09:09.716756+00:00,2026-03-27 23:14:21.552710+00:00,"{'edge': 0.1295, 'paper': True, 'reasoning': ""Given the current economic indicators and the Fed's recent policy stance, a 25+ bps increase after the April 2026 meeting seems unlikely. However, with the uncertainty surrounding future economic conditions, I estimate a slightly higher probability than the market suggests. The market's high volume indicates a well-informed consensus, but I believe there are factors that could lead to a modest increase in rates."", 'confidence': 70, 'key_factors': ['Current inflation trends', 'Economic growth forecasts', ""Fed's historical rate adjustment patterns""], 'estimated_prob': 0.15}",0.1
5b1ce5f8-8314-4b7c-98c4-9aed26fe542f,0x0d14f5dc9fb3250ec888b1ac8d9fe9a0ce06f9d3ea60fdf138e8690622fea84c,Will the Fed decrease interest rates by 25 bps after the April 2026 meeting?,YES,PREDICTION_LLM,,0.0105,0.0,932.3572868323603,9.789751511739784,-9.789751511739784,-100.0,RESOLVED_LOSS,POLY_SESSION_001,True,2026-03-27 23:09:15.250027+00:00,2026-03-27 23:14:21.734942+00:00,"{'edge': 0.13949999999999999, 'paper': True, 'reasoning': ""Given the current economic indicators and the Fed's recent stance on interest rates, a 25 bps decrease seems unlikely. However, there is still a possibility of a shift in monetary policy due to unforeseen economic conditions, which justifies a slightly higher probability than the market suggests."", 'confidence': 70, 'key_factors': ['Current inflation trends', 'Economic growth forecasts', ""Fed's historical rate adjustment patterns""], 'estimated_prob': 0.15}",0.1
84417ed0-b4a7-4b2c-85e6-af2bff6f6331,0xcccb7e7613a087c132b69cbf3a02bece3fdcb824c1da54ae79acc8d4a562d902,GTA VI released before June 2026?,YES,PREDICTION_LLM,,0.0205,0.0,404.2786809727067,8.287712959940487,-8.287712959940487,-100.0,RESOLVED_LOSS,POLY_SESSION_001,True,2026-03-27 23:14:29.051123+00:00,2026-03-27 23:19:52.006641+00:00,"{'edge': 0.1295, 'paper': True, 'reasoning': 'Given the historical release patterns of major titles in the Grand Theft Auto series, a release before June 2026 seems unlikely, especially considering the extensive development time typically required for such high-profile games. Additionally, the current market price suggests a low probability, but I believe there is a slight chance of an earlier release than anticipated due to potential leaks or accelerated development. However, I remain cautious due to the uncertainty surrounding game development timelines.', 'confidence': 70, 'key_factors': ['historical release patterns of GTA games', 'development time for AAA titles', 'current market sentiment and price'], 'estimated_prob': 0.15}",0.1
112f8ac2-a1b4-4b69-b78a-5b527d51da8e,0xd4d00e5bf8b960cc37c74c1ec19e41e00b0706add203ddcfbb65ad006c5c223a,Will the Fed increase interest rates by 25+ bps after the April 2026 meeting?,YES,PREDICTION_LLM,,0.0205,0.0,394.924964170722,8.095961765499801,-8.095961765499801,-100.0,RESOLVED_LOSS,POLY_SESSION_001,True,2026-03-27 23:14:41.587729+00:00,2026-03-27 23:19:52.169784+00:00,"{'edge': 0.1295, 'paper': True, 'reasoning': ""Given the current economic indicators, including inflation rates and employment data, the Fed may be cautious about increasing rates significantly. However, the low market price suggests that traders are not expecting a rate hike, which could indicate an underestimation of potential economic shifts. The time remaining until the resolution allows for changes in economic conditions that could influence the Fed's decision."", 'confidence': 70, 'key_factors': ['Current inflation trends', 'Employment data', 'Market sentiment on Fed policy'], 'estimated_prob': 0.15}",0.1
7d4e73d7-a56e-495d-b4d0-4a68ff8c53a9,0x0d14f5dc9fb3250ec888b1ac8d9fe9a0ce06f9d3ea60fdf138e8690622fea84c,Will the Fed decrease interest rates by 25 bps after the April 2026 meeting?,YES,PREDICTION_LLM,,0.0105,0.0,803.1672248282272,8.433255860696386,-8.433255860696386,-100.0,RESOLVED_LOSS,POLY_SESSION_001,True,2026-03-27 23:14:46.272241+00:00,2026-03-27 23:19:52.431400+00:00,"{'edge': 0.13949999999999999, 'paper': True, 'reasoning': 'While the market implies a very low probability of a rate decrease, historical trends suggest that the Fed may adjust rates based on economic conditions closer to the meeting date. Given the current economic indicators and potential shifts in inflation or employment data leading up to April 2026, there is a reasonable chance that a decrease could occur, albeit still unlikely.', 'confidence': 70, 'key_factors': ['Current economic indicators', 'Inflation trends', 'Employment data'], 'estimated_prob': 0.15}",0.1
35aa384a-2587-4467-b1cf-779107ae256a,0x36e8ca24d2a13435f519f15580d42b45cdbe3bc425fb39a7c2733260357af0fa,Will there be no change in Fed interest rates after the April 2026 meeting?,NO,PREDICTION_LLM,,0.035,0.0,212.84010564578773,7.4494036976025715,-7.4494036976025715,-100.0,RESOLVED_LOSS,POLY_SESSION_001,True,2026-03-27 23:14:48.930529+00:00,2026-03-27 23:19:52.600784+00:00,"{'edge': 0.11500000000000002, 'paper': True, 'reasoning': 'While the market price suggests a very high probability of no change in interest rates, historical trends indicate that the Fed often adjusts rates in response to economic conditions. Given the time remaining until the resolution date, there is still potential for economic shifts that could lead to a rate change, but current indicators suggest stability. Thus, I estimate a lower probability than the market suggests, but still high.', 'confidence': 75, 'key_factors': ['historical Fed rate changes', 'current economic indicators', 'time remaining until resolution'], 'estimated_prob': 0.85}",0.1
4c3b7d39-8de6-40f0-a0b2-21fd4a7d3cd8,0xcccb7e7613a087c132b69cbf3a02bece3fdcb824c1da54ae79acc8d4a562d902,GTA VI released before June 2026?,YES,PREDICTION_LLM,,0.0205,0.0,331.4455231191238,6.7946332239420375,-6.7946332239420375,-100.0,RESOLVED_LOSS,POLY_SESSION_001,True,2026-03-27 23:20:00.307070+00:00,2026-03-27 23:25:24.913692+00:00,"{'edge': 0.1295, 'paper': True, 'reasoning': ""Given the historical context of major game releases and the significant development time typically required for a title like GTA VI, a release before June 2026 seems unlikely. However, the market's low price suggests that some believe a release could happen sooner than expected, warranting a slightly higher estimate than the market price. The remaining time until resolution also allows for potential announcements that could influence perceptions."", 'confidence': 70, 'key_factors': ['historical release patterns of major games', 'development timelines for AAA titles', 'current industry trends and announcements'], 'estimated_prob': 0.15}",0.1
7d8f55dd-25e7-44ce-a19c-387e2b029caa,0xd4d00e5bf8b960cc37c74c1ec19e41e00b0706add203ddcfbb65ad006c5c223a,Will the Fed increase interest rates by 25+ bps after the April 2026 meeting?,YES,PREDICTION_LLM,,0.0205,0.0,323.77693285093886,6.6374271234442475,-6.6374271234442475,-100.0,RESOLVED_LOSS,POLY_SESSION_001,True,2026-03-27 23:20:13.459547+00:00,2026-03-27 23:25:25.086020+00:00,"{'edge': 0.1295, 'paper': True, 'reasoning': 'While the market suggests a low probability of a rate increase, historical trends indicate that the Fed often adjusts rates in response to economic conditions. Given the current economic indicators and the time remaining until the meeting, there is a reasonable chance that a 25+ bps increase could occur if inflation remains high or economic growth accelerates.', 'confidence': 70, 'key_factors': ['current inflation rates', 'economic growth indicators', 'historical Fed rate adjustment patterns'], 'estimated_prob': 0.15}",0.1
9c889281-43c2-463a-912b-d76704f0a714,0x0d14f5dc9fb3250ec888b1ac8d9fe9a0ce06f9d3ea60fdf138e8690622fea84c,Will the Fed decrease interest rates by 25 bps after the April 2026 meeting?,YES,PREDICTION_LLM,,0.0105,0.0,658.4719737009792,6.9139557238602825,-6.9139557238602825,-100.0,RESOLVED_LOSS,POLY_SESSION_001,True,2026-03-27 23:20:18.166211+00:00,2026-03-27 23:25:25.263770+00:00,"{'edge': 0.13949999999999999, 'paper': True, 'reasoning': ""Given the current economic indicators and the Fed's recent stance on inflation and interest rates, a decrease of 25 bps seems unlikely. However, there is still a possibility if economic conditions worsen significantly before the meeting. The market price may reflect a low probability due to current sentiment, but I believe the true probability is slightly higher than indicated."", 'confidence': 70, 'key_factors': ['Current inflation trends', ""Fed's historical behavior in similar economic conditions"", 'Market sentiment and expectations leading up to the meeting'], 'estimated_prob': 0.15}",0.1
af778eab-dbd7-4491-a527-36bf54b2fddc,0x36e8ca24d2a13435f519f15580d42b45cdbe3bc425fb39a7c2733260357af0fa,Will there be no change in Fed interest rates after the April 2026 meeting?,NO,PREDICTION_LLM,,0.0345,0.0,177.70224375155374,6.130727409428604,-6.130727409428604,-100.0,RESOLVED_LOSS,POLY_SESSION_001,True,2026-03-27 23:20:20.534331+00:00,2026-03-27 23:25:25.439871+00:00,"{'edge': 0.11550000000000002, 'paper': True, 'reasoning': ""While the market price suggests a high probability of no change in Fed interest rates, historical trends indicate that the Fed often adjusts rates in response to economic conditions. Given the time remaining until the resolution date, there is still potential for significant economic developments that could influence the Fed's decision."", 'confidence': 75, 'key_factors': ['Current economic indicators', 'Historical Fed rate changes', 'Market expectations and sentiment'], 'estimated_prob': 0.85}",0.1
573b70b8-df1a-4335-b243-99aae36b02c2,0xcccb7e7613a087c132b69cbf3a02bece3fdcb824c1da54ae79acc8d4a562d902,GTA VI released before June 2026?,YES,PREDICTION_LLM,,0.0205,0.0,271.6809145825831,5.569458748942954,-5.569458748942954,-100.0,RESOLVED_LOSS,POLY_SESSION_001,True,2026-03-27 23:25:32.320723+00:00,2026-03-27 23:30:54.926253+00:00,"{'edge': 0.1295, 'paper': True, 'reasoning': ""While the market implies a very low probability of 2.1%, considering the historical release patterns of major game franchises like Grand Theft Auto, it's reasonable to expect that the game could be released before mid-2026. However, given the significant development time and the current date, I lean towards a slightly higher probability than the market suggests, but still below 20%."", 'confidence': 70, 'key_factors': ['Historical release patterns of major game franchises', 'Current development timelines and announcements', 'Market sentiment and volume'], 'estimated_prob': 0.15}",0.1
e3417290-ce18-4f42-9d17-cf921bd37b98,0xd4d00e5bf8b960cc37c74c1ec19e41e00b0706add203ddcfbb65ad006c5c223a,Will the Fed increase interest rates by 25+ bps after the April 2026 meeting?,YES,PREDICTION_LLM,,0.0205,0.0,265.3950863776543,5.440599270741913,-5.440599270741913,-100.0,RESOLVED_LOSS,POLY_SESSION_001,True,2026-03-27 23:25:45.652835+00:00,2026-03-27 23:30:55.100290+00:00,"{'edge': 0.1295, 'paper': True, 'reasoning': ""Given the current economic indicators and the Fed's recent stance on interest rates, a 25+ bps increase seems unlikely. However, there is still a possibility of a surprise move depending on inflation data and economic growth leading up to the meeting. Thus, I estimate a slightly higher probability than the market suggests, but with moderate confidence due to uncertainty."", 'confidence': 70, 'key_factors': ['Current inflation trends', 'Economic growth forecasts', ""Fed's historical rate decisions""], 'estimated_prob': 0.15}",0.1
34341cbf-23ed-403b-b28d-f6e25173b87e,0xcccb7e7613a087c132b69cbf3a02bece3fdcb824c1da54ae79acc8d4a562d902,GTA VI released before June 2026?,YES,PREDICTION_LLM,,0.0205,0.0,246.8284697193644,5.05998362924697,-5.05998362924697,-100.0,RESOLVED_LOSS,POLY_SESSION_001,True,2026-03-27 23:31:01.900001+00:00,2026-03-27 23:36:24.499268+00:00,"{'edge': 0.1295, 'paper': True, 'reasoning': 'While the market suggests a very low probability of 2.1%, historical trends for major game releases, especially from Rockstar Games, indicate that significant delays are common. Given that the release window extends until May 2026, there is still time for potential announcements, but the current low market price reflects skepticism about a release before the deadline.', 'confidence': 70, 'key_factors': ['Historical delays in game releases', ""Rockstar's typical development timelines"", 'Current market sentiment and volume'], 'estimated_prob': 0.15}",0.1
74781fd5-c2c1-4a6e-99c7-9444e6e4ff6d,0xcba24842ceac7a40d2a8b9adde1f4407999b6505193b9fd68156ae76fbffa706,Will Arsenal win the 2025–26 English Premier League?,NO,PREDICTION_LLM,,0.115,0.0,207.79399999227925,23.896309999112116,-23.896309999112116,-100.0,SESSION_CLOSE,POLY_SESSION_001,True,2026-03-27 22:45:43.392347+00:00,2026-03-27 23:58:58.261133+00:00,"{'edge': 0.135, 'paper': True, 'reasoning': 'While Arsenal has shown strong performance in recent seasons and the market price suggests a high probability of winning, historical trends indicate that such high probabilities can be overly optimistic, especially with a season still to play out. Factors such as competition from other top teams and potential injuries can significantly impact their chances.', 'confidence': 70, 'key_factors': ['Current squad strength', 'Competition from other teams', 'Injury risks and player form'], 'estimated_prob': 0.75}",1.2
f07d73bf-0ba0-4966-8e2d-f523ddf11f64,0x36912c9832f0fd104d734b579fb9b3a1b31bbdc946a67356723407e3bdc96dbc,"Will Bitcoin dip to $65,000 in March?",NO,PREDICTION_LLM,,0.251,0.0,86.43325369468131,21.69474667736501,-21.69474667736501,-100.0,SESSION_CLOSE,POLY_SESSION_001,True,2026-03-27 22:45:36.348744+00:00,2026-03-27 23:58:58.261133+00:00,"{'edge': 0.09899999999999998, 'paper': True, 'reasoning': ""While the market suggests a high probability of Bitcoin dipping to $65,000, historical volatility and recent trends indicate that such a dip is less certain. The current market sentiment and macroeconomic factors could influence Bitcoin's price, making a significant drop less likely in the short term."", 'confidence': 70, 'key_factors': [""Bitcoin's historical volatility"", 'Current market sentiment', 'Macroeconomic conditions'], 'estimated_prob': 0.65}",1.2
63bb9cdf-4c99-49f6-914c-ab5a4de8882c,0xfb1835b887c33862f5749c619e612d1244ab6e66115f0ef43d373485dc3a1573,Will Manchester City win the 2025–26 English Premier League?,YES,PREDICTION_LLM,,0.115,0.0,139.4249974018057,16.033874701207658,-16.033874701207658,-100.0,SESSION_CLOSE,POLY_SESSION_001,True,2026-03-27 22:45:33.840803+00:00,2026-03-27 23:58:58.261133+00:00,"{'edge': 0.085, 'paper': True, 'reasoning': 'While Manchester City has been a strong team in recent years, the probability of winning the Premier League can fluctuate due to various factors such as player injuries, competition from other teams, and managerial changes. Given the current market price and the remaining time until resolution, I believe a slightly higher probability than the market suggests is warranted, reflecting their historical performance and current squad strength.', 'confidence': 70, 'key_factors': [""Manchester City's recent performance"", 'Competition from other top teams', 'Injuries and squad depth'], 'estimated_prob': 0.2}",1.2
3510a4f1-6f88-4359-b58e-e28037301927,0xc5300759dc2089042380795fe7384010a6b6ebdf9e6da7ed3f786d9a5f61c563,Will Crude Oil (CL) hit (HIGH) $100 by end of March?,NO,PREDICTION_LLM,,0.249,0.0,94.51922202792527,23.53528628495339,-23.53528628495339,-100.0,SESSION_CLOSE,POLY_SESSION_001,True,2026-03-27 22:45:19.646916+00:00,2026-03-27 23:58:58.261133+00:00,"{'edge': 0.10099999999999998, 'paper': True, 'reasoning': 'While the market price suggests a high probability of crude oil hitting $100, recent trends in oil prices, geopolitical factors, and economic conditions indicate a more cautious outlook. The current price volatility and potential for economic downturns could hinder reaching that threshold by the end of March 2026.', 'confidence': 70, 'key_factors': ['geopolitical tensions', 'global economic conditions', 'historical oil price trends'], 'estimated_prob': 0.65}",1.2
58b98ff1-268a-467c-bfdf-ac93384bd847,0xcccb7e7613a087c132b69cbf3a02bece3fdcb824c1da54ae79acc8d4a562d902,GTA VI released before June 2026?,YES,PREDICTION_LLM,,0.021,0.0,1098.0592441266597,23.059244126659856,-23.059244126659856,-100.0,RESOLVED_LOSS,POLY_SESSION_002,True,2026-03-27 23:59:30.768456+00:00,2026-03-28 00:05:04.318366+00:00,"{'edge': 0.129, 'paper': True, 'reasoning': ""Given the historical release patterns of major titles in the Grand Theft Auto series, a release before June 2026 seems unlikely, especially considering the typical development timelines for such large-scale games. However, the market's low price suggests some belief in a potential early release, warranting a slightly higher estimate than the market price. The remaining time until the resolution date also allows for the possibility of an announcement or release, but I remain cautious due to the industry's typical pace."", 'confidence': 70, 'key_factors': ['historical release patterns of GTA series', 'development timelines for AAA games', 'current market sentiment and volume'], 'estimated_prob': 0.15}",0.1
d4a23617-abd7-4591-8d9e-8fada621c716,0xb207031da5ef9cbded418e6b5b3c5eee24a3a7b22c6ec10053cbaaa67d793796,Will Luka Doncic win the 2025–2026 NBA MVP?,YES,PREDICTION_LLM,,0.0455,0.0,411.37248252715494,18.71744795498555,-18.71744795498555,-100.0,RESOLVED_LOSS,POLY_SESSION_002,True,2026-03-27 23:59:33.833475+00:00,2026-03-28 00:05:04.488725+00:00,"{'edge': 0.1045, 'paper': True, 'reasoning': 'Luka Doncic is a highly talented player with a strong chance of winning MVP, but the market price suggests a low probability, likely reflecting concerns about competition and potential injuries. Given the time remaining until resolution, his performance in the upcoming season will be crucial, and while he has a solid chance, I believe the market underestimates his potential.', 'confidence': 70, 'key_factors': [""Doncic's historical performance"", 'Competition from other star players', 'Injury risk and team success'], 'estimated_prob': 0.15}",0.1
4dd959d3-a959-469f-9db9-fc5ba1e0f227,0xd4d00e5bf8b960cc37c74c1ec19e41e00b0706add203ddcfbb65ad006c5c223a,Will the Fed increase interest rates by 25+ bps after the April 2026 meeting?,YES,PREDICTION_LLM,,0.0205,0.0,1063.297082523168,21.797590191724947,-21.797590191724947,-100.0,RESOLVED_LOSS,POLY_SESSION_002,True,2026-03-27 23:59:50.992967+00:00,2026-03-28 00:05:04.844129+00:00,"{'edge': 0.1295, 'paper': True, 'reasoning': ""While the current market price suggests a low probability of a rate increase, historical trends indicate that the Fed often adjusts rates based on economic conditions leading up to meetings. Given the time remaining until the resolution date, there is potential for economic changes that could influence the Fed's decision, but significant uncertainty remains."", 'confidence': 70, 'key_factors': ['Current economic indicators', 'Inflation trends', ""Fed's historical behavior""], 'estimated_prob': 0.15}",0.1
6b016e2e-b684-49db-8293-92d1b73de9ff,0x0d14f5dc9fb3250ec888b1ac8d9fe9a0ce06f9d3ea60fdf138e8690622fea84c,Will the Fed decrease interest rates by 25 bps after the April 2026 meeting?,YES,PREDICTION_LLM,,0.0105,0.0,2102.552292378232,22.076799069971436,-22.076799069971436,-100.0,RESOLVED_LOSS,POLY_SESSION_002,True,2026-03-27 23:59:58.990022+00:00,2026-03-28 00:05:05.207682+00:00,"{'edge': 0.13949999999999999, 'paper': True, 'reasoning': 'While the market currently implies a low probability of a rate decrease, historical trends suggest that the Fed is cautious about making significant changes in interest rates, especially in a potentially stabilizing economic environment. Additionally, with the current economic indicators pointing towards moderate growth, a decrease in rates may be less likely than the market suggests.', 'confidence': 70, 'key_factors': ['current economic indicators', 'historical Fed behavior', 'market sentiment'], 'estimated_prob': 0.15}",0.1
239e0bca-c629-4c1c-ac90-237ba87812b9,0x36e8ca24d2a13435f519f15580d42b45cdbe3bc425fb39a7c2733260357af0fa,Will there be no change in Fed interest rates after the April 2026 meeting?,NO,PREDICTION_LLM,,0.034,0.0,577.9546431483216,19.650457867042935,-19.650457867042935,-100.0,RESOLVED_LOSS,POLY_SESSION_002,True,2026-03-28 00:05:28.929703+00:00,2026-03-28 00:10:32.902604+00:00,"{'edge': 0.11600000000000002, 'paper': True, 'reasoning': 'While the market price suggests a high probability of no change in Fed interest rates, historical trends show that the Fed often adjusts rates in response to economic conditions. Given the time remaining until the resolution date, there is still potential for economic shifts that could lead to a rate change, warranting a more conservative estimate.', 'confidence': 75, 'key_factors': ['historical Fed rate changes', 'current economic indicators', 'time remaining until resolution'], 'estimated_prob': 0.85}",0.1
5b6f55b6-c292-4ad4-9a74-30c68abe3cd0,0xa4f53bf6ef803cb4ffef6a98c14394a2ac05bf514cb6c0f4557bd050f782b38d,Will the Golden State Warriors win the NBA Western Conference Finals?,YES,PREDICTION_LLM,,0.014,0.0,889.0230214967744,12.446322300954842,-12.446322300954842,-100.0,RESOLVED_LOSS,POLY_SESSION_002,True,2026-03-28 19:55:36.207544+00:00,2026-03-28 20:00:48.305372+00:00,"{'edge': 0.08600000000000001, 'paper': True, 'reasoning': ""The Warriors have a strong historical performance in the playoffs, but their current season's performance and roster changes may impact their chances. Given the low market price, it suggests that many believe their chances are slim, but I see potential for improvement as the playoffs approach. Therefore, I estimate a slightly higher probability than the market suggests."", 'confidence': 70, 'key_factors': ['current season performance', 'roster changes', 'historical playoff success'], 'estimated_prob': 0.1}",0.1
f510953a-6b89-46f8-a509-e72460855f68,0x306d10d4a4d51b41910dbc779ca00908bd917c131541c5c42bbbc736258d2d56,US forces enter Iran by March 31?,YES,PREDICTION_LLM,,0.0695,0.0685,174.9178602820797,12.15679128960454,-0.1749178602820809,-1.438848920863319,STOP_LOSS,POLY_SESSION_002,True,2026-03-29 09:40:53.655222+00:00,2026-03-29 09:46:04.676129+00:00,"{'edge': 0.08049999999999999, 'paper': True, 'reasoning': 'While the market price suggests a low probability of US forces entering Iran by March 31, 2026, geopolitical tensions and historical context indicate that military intervention is unlikely without significant provocation. However, given the unpredictable nature of international relations, I maintain a moderate level of uncertainty in my estimate.', 'confidence': 70, 'key_factors': ['Geopolitical tensions in the Middle East', 'Historical precedent of US military interventions', 'Current US foreign policy stance'], 'estimated_prob': 0.15}",0.1
89a3f6c4-6620-40aa-be65-bc6b5ead9a23,0xc5300759dc2089042380795fe7384010a6b6ebdf9e6da7ed3f786d9a5f61c563,Will Crude Oil (CL) hit (HIGH) $100 by end of March?,NO,PREDICTION_LLM,,0.22,0.0925,74.5717580618732,16.405786773612103,-9.507899152888832,-57.95454545454546,STOP_LOSS,POLY_SESSION_002,True,2026-03-28 00:10:39.498408+00:00,2026-03-29 22:09:04.820467+00:00,"{'edge': 0.08000000000000004, 'paper': True, 'reasoning': 'While the market price suggests a high probability of crude oil hitting $100, recent trends in oil prices and geopolitical factors indicate potential volatility. Additionally, economic conditions and supply chain dynamics could impact prices significantly before the resolution date. Thus, while a strong chance exists, I believe the true probability is slightly lower than the market suggests.', 'confidence': 75, 'key_factors': ['Geopolitical tensions affecting oil supply', 'Global economic conditions and demand', 'Historical price trends and volatility in oil markets'], 'estimated_prob': 0.7}",46.0
0be9542a-0414-42a6-89c1-4adfaf25999d,0x36912c9832f0fd104d734b579fb9b3a1b31bbdc946a67356723407e3bdc96dbc,"Will Bitcoin dip to $65,000 in March?",NO,PREDICTION_LLM,,0.3565,0.089,59.67725148886473,21.274940155780275,-15.963664773271315,-75.0350631136045,STOP_LOSS,POLY_SESSION_002,True,2026-03-28 00:10:49.569119+00:00,2026-03-29 22:45:37.168171+00:00,"{'edge': 0.09349999999999997, 'paper': True, 'reasoning': 'While the market suggests a 64.3% probability of Bitcoin dipping to $65,000 in March, historical trends indicate that Bitcoin can be volatile, especially as it approaches significant price levels. Given the current market conditions and the time remaining until resolution, I believe the true probability is slightly lower than the market suggests, reflecting a more cautious outlook.', 'confidence': 70, 'key_factors': ['historical volatility of Bitcoin', 'current market sentiment', 'upcoming economic events affecting cryptocurrency'], 'estimated_prob': 0.55}",46.6
3da40d6a-b3ef-465c-a999-ddc43750f853,0x009f7b01ba3f260993be8f59b3a2bfceed5832e1fb75e440e26e6323584e37ca,"Will the price of Bitcoin be above $76,000 on April 15?",YES,SIGNAL_BASED,,0.206,0.0945,178.95145631067965,36.864000000000004,-19.953087378640777,-54.12621359223301,STOP_LOSS,POLY_SESSION_003,True,2026-04-14 18:25:11.203955+00:00,2026-04-14 18:51:15.413305+00:00,"{'edge': 0.29400000000000004, 'paper': True, 'reasoning': 'BTC[DB] +0.000% → UP | Regime: TREND_UP | Event: UP_EVENT | Side: YES @ 0.206 | Edge: 0.294', 'confidence': 80, 'key_factors': [], 'estimated_prob': 1.0}",0.4
395584b1-aa5a-4236-9d67-9769f9cfa5f3,0xb8214174233d57aa2fab1b70cc6d946541072108908727732d84aee3010902bf,"Will Bitcoin reach $78,000 April 13-19?",YES,SIGNAL_BASED,,0.32,0.0985,112.70586407766989,36.065876504854366,-24.964348893203884,-69.21875,STOP_LOSS,POLY_SESSION_003,True,2026-04-14 20:39:41.300550+00:00,2026-04-16 13:55:42.433475+00:00,"{'edge': 0.18, 'paper': True, 'reasoning': 'BTC[DB:macro BUY=1 SELL=0] → UP | Regime: UNKNOWN | Event: UP_EVENT | Side: YES @ 0.320 | Edge: 0.180 | prob=0.50', 'confidence': 80, 'key_factors': [], 'estimated_prob': 0.5}",41.3
b008e595-5804-4f59-9bfd-ea972f6693a5,0x2e94a7f4164ee3d2b9bdfc5ed8eb815cff52559ecd3f395d546960a174c55238,"Will the price of Bitcoin be above $74,000 on April 16?",YES,SIGNAL_BASED,,0.765,0.865,45.83961117532838,35.06730254912621,4.583961117532837,13.0718954248366,TAKE_PROFIT,POLY_SESSION_003,True,2026-04-16 13:55:45.442681+00:00,2026-04-16 15:26:45.149326+00:00,"{'edge': 0.265, 'paper': True, 'reasoning': 'BTC[DB:macro BUY=1 SELL=0] → UP | Regime: UNKNOWN | Event: UP_EVENT | Side: YES @ 0.765 | Edge: 0.265 | prob=0.90', 'confidence': 80, 'key_factors': [], 'estimated_prob': 0.9}",1.5
8e4ae70f-5e34-4933-a06a-42c8414b7cce,0xf326a07132ea27d151fade9df0424db7c5ee496b44e5f373a41b4f15431bfd97,"Will Bitcoin dip to $65,000 in April?",NO,SIGNAL_BASED,,0.795,0.855,50.31446540880503,40.0,3.018867924528294,7.547169811320735,TAKE_PROFIT,POLY_SESSION_003,True,2026-04-14 18:22:17.342582+00:00,2026-04-16 18:54:16.497479+00:00,"{'edge': 0.29500000000000004, 'paper': True, 'reasoning': 'BTC[DB] +0.000% → UP | Regime: TREND_UP | Event: DOWN_EVENT | Side: NO @ 0.795 | Edge: 0.295', 'confidence': 80, 'key_factors': [], 'estimated_prob': 0.0}",48.5
2de89738-7da7-4375-a9f0-c477f47554fe,0x0457acf7468ed957f2422686cf5e63fb54d69fb116b67f74f6b64fd8e8b377dc,"Will the price of Bitcoin be above $74,000 on April 17?",YES,SIGNAL_BASED,,0.695,0.855,51.16746657705836,35.56138927105556,8.18679465232934,23.021582733812956,TAKE_PROFIT,POLY_SESSION_003,True,2026-04-16 18:54:19.701397+00:00,2026-04-16 20:15:55.250827+00:00,"{'edge': 0.19499999999999995, 'paper': True, 'reasoning': 'BTC[DB:macro BUY=1 SELL=0] → UP | Regime: UNKNOWN | Event: UP_EVENT | Side: YES @ 0.695 | Edge: 0.195 | prob=0.89', 'confidence': 80, 'key_factors': [], 'estimated_prob': 0.89}",1.4
4f3467ac-6ebf-4c2a-89af-c83f56b7b023,0x60e990cb7c272fe1456c913b575a4c0107574c188b495dc9411a096200a9f643,"Will the price of Bitcoin be above $76,000 on April 17?",NO,SIGNAL_BASED,,0.7,0.865,51.26980151021249,35.88886105714874,8.459517249185062,23.571428571428577,TAKE_PROFIT,POLY_SESSION_003,True,2026-04-16 20:15:57.566089+00:00,2026-04-17 01:24:24.373942+00:00,"{'edge': 0.19999999999999996, 'paper': True, 'reasoning': 'BTC[DB:macro BUY=0 SELL=1] → DOWN | Regime: UNKNOWN | Event: UP_EVENT | Side: NO @ 0.700 | Edge: 0.200 | prob=0.90', 'confidence': 80, 'key_factors': [], 'estimated_prob': 0.9}",5.1
2a15c772-34ba-4366-82c8-5de5dc93b5bc,0xf1b2fda93aa3f5d31cf2263ca57e3a46fb55ddf7b6ff3e0e053edd5a3c93df20,"Will Bitcoin reach $76,000 on April 16?",YES,SIGNAL_BASED,,0.22,0.0,164.6692806687097,36.22724174711613,-36.22724174711613,-100.0,RESOLVED_LOSS,POLY_SESSION_003,True,2026-04-17 01:24:27.068776+00:00,2026-04-17 01:29:28.678778+00:00,"{'edge': 0.28, 'paper': True, 'reasoning': 'BTC[DB:macro BUY=1 SELL=0] → UP | Regime: UNKNOWN | Event: UP_EVENT | Side: YES @ 0.220 | Edge: 0.280 | prob=0.50', 'confidence': 80, 'key_factors': [], 'estimated_prob': 0.5}",0.1
384f28db-ae30-433d-a844-247299aa732a,0xcd0c4035e9811bdcaa8c86056d93c4c953513b912103dc12439ac23034bd3f70,"Will the price of Ethereum be above $2,300 on April 17?",YES,SIGNAL_BASED,,0.725,0.865,47.9698649341124,34.77815207723149,6.715781090775735,19.310344827586203,TAKE_PROFIT,POLY_SESSION_003,True,2026-04-17 01:29:31.322382+00:00,2026-04-17 08:29:11.471343+00:00,"{'edge': 0.22499999999999998, 'paper': True, 'reasoning': 'BTC[DB:macro BUY=1 SELL=0] → UP | Regime: UNKNOWN | Event: UP_EVENT | Side: YES @ 0.725 | Edge: 0.225 | prob=0.90', 'confidence': 80, 'key_factors': [], 'estimated_prob': 0.9}",7.0
0ac2deb4-0aaa-4416-b5cc-a047cb20fe73,0x1889a2b777aea48dfc49618adfe5df7d9b564a3139223ebc18f65949e50add8d,"Will Ethereum dip to $2,000 in April?",NO,SIGNAL_BASED,,0.745,0.8525,51.54362416107382,38.4,5.540939597315436,14.429530201342283,TAKE_PROFIT,POLY_SESSION_003,True,2026-04-14 18:25:11.200504+00:00,2026-04-17 08:49:24.984968+00:00,"{'edge': 0.245, 'paper': True, 'reasoning': 'BTC[DB] +0.000% → UP | Regime: TREND_UP | Event: DOWN_EVENT | Side: NO @ 0.745 | Edge: 0.245', 'confidence': 80, 'key_factors': [], 'estimated_prob': 0.0}",62.4
e2db8f6f-f672-436f-897d-652be1582a25,0xb34ed4f8a46e9cbe0b8ec25f671ca4221bca1a5fd23fcbce69b2be90357962d3,"Will the price of Ethereum be above $2,400 on April 17?",NO,SIGNAL_BASED,,0.78,0.885,47.18515500609632,36.80442090475513,4.954441275640114,13.461538461538462,TAKE_PROFIT,POLY_SESSION_003,True,2026-04-17 09:04:37.146638+00:00,2026-04-17 09:09:38.665927+00:00,"{'edge': 0.28, 'paper': True, 'reasoning': 'BTC[DB:macro BUY=0 SELL=1] → DOWN | Regime: UNKNOWN | Event: UP_EVENT | Side: NO @ 0.780 | Edge: 0.280 | prob=0.90', 'confidence': 80, 'key_factors': [], 'estimated_prob': 0.9}",0.1
6567d33e-c921-4bf1-ac72-a9ba2143c19c,0x227957643be481aec2aa704741c647f9188b9b0fdfa5dfb9555a308f7b0b5da8,"Will Ethereum reach $2,500 April 13-19?",NO,SIGNAL_BASED,,0.8,0.855,46.25324819472593,37.00259855578074,2.5439286507099226,6.874999999999991,TAKE_PROFIT,POLY_SESSION_003,True,2026-04-17 09:34:56.997781+00:00,2026-04-17 09:39:58.470666+00:00,"{'edge': 0.30000000000000004, 'paper': True, 'reasoning': 'BTC[DB:macro BUY=0 SELL=1] → DOWN | Regime: UNKNOWN | Event: UP_EVENT | Side: NO @ 0.800 | Edge: 0.300 | prob=0.90', 'confidence': 80, 'key_factors': [], 'estimated_prob': 0.9}",0.1
b37b15af-7e6a-4e22-bcb5-3909adbfc1b5,0x7e3e9537fb316beb1fc342c295cc7e461a471040cff458000238b356c466abb9,"Will the price of Bitcoin be above $74,000 on April 18?",NO,SIGNAL_BASED,,0.205,0.095,180.99685708199578,37.10435570180913,-19.909654279019534,-53.65853658536586,STOP_LOSS,POLY_SESSION_003,True,2026-04-17 10:55:49.488175+00:00,2026-04-17 12:31:53.594806+00:00,"{'edge': 0.29500000000000004, 'paper': True, 'reasoning': 'BTC[DB:macro BUY=0 SELL=1] → DOWN | Regime: UNKNOWN | Event: UP_EVENT | Side: NO @ 0.205 | Edge: 0.295 | prob=0.50', 'confidence': 80, 'key_factors': [], 'estimated_prob': 0.5}",1.6
130830bc-8aa1-4de7-a0b1-3403e9dc723d,0x2050f8bcfda8691e27f29785910a8fc71a1604d44ff6a1b51bae628f70ffd395,"Will Bitcoin reach $80,000 April 13-19?",NO,SIGNAL_BASED,,0.799,0.892,43.62409355372018,34.85565074942242,4.057040700495975,11.63954943679599,TAKE_PROFIT,POLY_SESSION_003,True,2026-04-17 13:02:19.036708+00:00,2026-04-17 13:07:20.702663+00:00,"{'edge': 0.29900000000000004, 'paper': True, 'reasoning': 'BTC[DB:macro BUY=0 SELL=1] → DOWN | Regime: UNKNOWN | Event: UP_EVENT | Side: NO @ 0.799 | Edge: 0.299 | prob=0.90', 'confidence': 80, 'key_factors': [], 'estimated_prob': 0.9}",0.1
99a06dcb-59db-4c70-b0e3-3fda7fe8aa1a,0x8103c0258fba8d4305f7d523deb78365b9bbeb4f69a565b00225971ae2505097,"Will the price of Bitcoin be above $76,000 on April 18?",YES,SIGNAL_BASED,,0.395,0.865,91.91891020417305,36.30796953064836,43.20188779596132,118.98734177215185,TAKE_PROFIT,POLY_SESSION_003,True,2026-04-17 12:47:08.087856+00:00,2026-04-17 14:38:30.520217+00:00,"{'edge': 0.10499999999999998, 'paper': True, 'reasoning': 'BTC[CCXT:CCXT +0.349%] → UP | Regime: UNKNOWN | Event: UP_EVENT | Side: YES @ 0.395 | Edge: 0.105 | prob=0.50', 'confidence': 80, 'key_factors': [], 'estimated_prob': 0.5}",1.9
4b08e7b7-c64d-4c01-8e41-01522c03a6f7,0xede674a6729720073742ea4d539d5dbc22ccc7062f818ccffe2d8845be529bac,"Will the price of Bitcoin be above $78,000 on April 17?",YES,SIGNAL_BASED,,0.223,0.0545,165.01170123501777,36.79760937540896,-27.804471658100493,-75.56053811659193,STOP_LOSS,POLY_SESSION_003,True,2026-04-17 14:38:33.603062+00:00,2026-04-17 15:44:23.197621+00:00,"{'edge': 0.277, 'paper': True, 'reasoning': 'BTC[DB:macro BUY=1 SELL=0] → UP | Regime: UNKNOWN | Event: UP_EVENT | Side: YES @ 0.223 | Edge: 0.277 | prob=0.50', 'confidence': 80, 'key_factors': [], 'estimated_prob': 0.5}",1.1
a6a80be8-ce02-41a0-9fce-18f3cbb8142e,0xc185f6ce2c105d6e08c258a8b222ed9091191f28a011faec54abff188ac49dae,"Will Bitcoin reach $85,000 in April?",NO,SIGNAL_BASED,,0.795,0.8515,44.887333973691746,35.68543050908494,2.536134369513583,7.106918238993709,TAKE_PROFIT,POLY_SESSION_003,True,2026-04-17 15:44:26.443223+00:00,2026-04-17 18:11:22.222655+00:00,"{'edge': 0.29500000000000004, 'paper': True, 'reasoning': 'BTC[DB:macro BUY=0 SELL=1] → DOWN | Regime: UNKNOWN | Event: UP_EVENT | Side: NO @ 0.795 | Edge: 0.295 | prob=0.90', 'confidence': 80, 'key_factors': [], 'estimated_prob': 0.9}",2.4
82710b84-9b3e-4870-a5f7-622a252cb101,0x7985eba1aebcf221fd5986023281419f62d7bf221401c343f05933b8a44919ad,"Will the price of Bitcoin be above $78,000 on April 18?",YES,SIGNAL_BASED,,0.2375,0.071,150.6815826689073,35.786875883865484,-25.088483514373067,-70.10526315789474,STOP_LOSS,POLY_SESSION_003,True,2026-04-17 18:11:25.142947+00:00,2026-04-17 23:20:41.325461+00:00,"{'edge': 0.2625, 'paper': True, 'reasoning': 'BTC[DB:macro BUY=1 SELL=0] → UP | Regime: UNKNOWN | Event: UP_EVENT | Side: YES @ 0.237 | Edge: 0.263 | prob=0.50', 'confidence': 80, 'key_factors': [], 'estimated_prob': 0.5}",5.2
adc67a3d-31de-4e67-b092-821e5a6e5c4a,0xe9b3689f18821f4417a33d6252f32c143f5f80b1bde8f04a12996189a90eaecd,"Will Ethereum reach $2,800 in April?",NO,SIGNAL_BASED,,0.7885,0.85,44.410821024023164,35.017932377442264,2.731265492977421,7.799619530754589,TAKE_PROFIT,POLY_SESSION_003,True,2026-04-17 13:58:00.658397+00:00,2026-04-18 07:01:23.849883+00:00,"{'edge': 0.2885, 'paper': True, 'reasoning': 'BTC[DB:macro BUY=0 SELL=1] → DOWN | Regime: UNKNOWN | Event: UP_EVENT | Side: NO @ 0.788 | Edge: 0.288 | prob=0.90', 'confidence': 80, 'key_factors': [], 'estimated_prob': 0.9}",17.1
ff506685-e681-403e-a5cc-053c0996102d,0x763b73dbb1cbe43ec1e96cdd4c30e2d1ea63618c6c8a227d30ed8bdd7c53516a,"Will the price of Ethereum be above $2,400 on April 18?",YES,SIGNAL_BASED,,0.79,0.075,44.0295399282159,34.78333654329056,-31.481121048674368,-90.50632911392405,STOP_LOSS,POLY_SESSION_003,True,2026-04-17 23:20:44.178391+00:00,2026-04-18 10:08:31.538633+00:00,"{'edge': 0.29000000000000004, 'paper': True, 'reasoning': 'BTC[DB:macro BUY=1 SELL=0] → UP | Regime: UNKNOWN | Event: UP_EVENT | Side: YES @ 0.790 | Edge: 0.290 | prob=0.90', 'confidence': 80, 'key_factors': [], 'estimated_prob': 0.9}",10.8
d7581b09-3275-4f89-8fe2-d14ec6b46563,0xf05580218341ab316fa9e9233e1ac7af6eac6fe56b092deb60d920f19e5751fe,"Will the price of Bitcoin be above $78,000 on April 19?",YES,SIGNAL_BASED,,0.2005,0.061,167.77047768730847,33.63798077630535,-23.40398163737953,-69.57605985037407,STOP_LOSS,POLY_SESSION_003,True,2026-04-18 10:08:34.740165+00:00,2026-04-18 10:13:36.339846+00:00,"{'edge': 0.2995, 'paper': True, 'reasoning': 'BTC[DB:macro BUY=1 SELL=0] → UP | Regime: UNKNOWN | Event: UP_EVENT | Side: YES @ 0.201 | Edge: 0.299 | prob=0.50', 'confidence': 80, 'key_factors': [], 'estimated_prob': 0.5}",0.1
6ff79f8d-8102-4ed3-b4cf-7f1538a9e1e5,0x8e4cd7a4801062e2889f5ed1ffa091a3bf4fbfc6a49b4c6d88c13a44a6b21f3d,"Will Bitcoin dip to $75,000 on April 18?",NO,SIGNAL_BASED,,0.753,0.8535,43.42871382577711,32.70182151081016,4.3645857394906,13.346613545816735,TAKE_PROFIT,POLY_SESSION_003,True,2026-04-18 16:53:21.172621+00:00,2026-04-18 21:11:45.211591+00:00,"{'edge': 0.253, 'paper': True, 'reasoning': 'BTC[DB:macro BUY=1 SELL=0] → UP | Regime: UNKNOWN | Event: DOWN_EVENT | Side: NO @ 0.753 | Edge: 0.253 | prob=0.90', 'confidence': 80, 'key_factors': [], 'estimated_prob': 0.9}",4.3
4bc3fef9-8865-4a87-8555-b3e7b83d4cdf,0xaefc83902a55f932e966e015dd0271309f118ba20f3e99d1bffdd1d49fd4c63b,"Will the price of Bitcoin be above $76,000 on April 19?",YES,SIGNAL_BASED,,0.78,0.095,44.74611666202016,34.901970996375724,-30.65108991348381,-87.82051282051282,STOP_LOSS,POLY_SESSION_003,True,2026-04-18 07:01:26.865566+00:00,2026-04-19 07:24:47.473082+00:00,"{'edge': 0.28, 'paper': True, 'reasoning': 'BTC[DB:macro BUY=1 SELL=0] → UP | Regime: UNKNOWN | Event: UP_EVENT | Side: YES @ 0.780 | Edge: 0.280 | prob=0.90', 'confidence': 80, 'key_factors': [], 'estimated_prob': 0.9}",24.4
6fe2d5d4-a638-4c56-bdda-7a56bc9e86c9,0xabebfff3306a3e6e4bb4d1f9d998eae2bd8105447619261a98fe7ed20afae84c,"Will the price of Ethereum be above $2,300 on April 19?",NO,SIGNAL_BASED,,0.326,0.082,97.33553369966218,31.73138398608987,-23.749870222717572,-74.84662576687117,STOP_LOSS,POLY_SESSION_003,True,2026-04-19 07:45:06.624494+00:00,2026-04-19 12:59:13.275835+00:00,"{'edge': 0.174, 'paper': True, 'reasoning': 'BTC[DB:macro BUY=0 SELL=1] → DOWN | Regime: UNKNOWN | Event: UP_EVENT | Side: NO @ 0.326 | Edge: 0.174 | prob=0.50', 'confidence': 80, 'key_factors': [], 'estimated_prob': 0.5}",5.2
49fca3e6-a0d9-4f78-9e09-55f6893c828b,0x3972d4ba66f63b5fb2fa7fc991c2e445d31eda8745a6fc5726ebd6f8779dbdb6,"Will the price of Bitcoin be above $74,000 on April 20?",YES,SIGNAL_BASED,,0.795,0.87,41.35396847847771,32.87640494038978,3.1015476358858223,9.433962264150924,TAKE_PROFIT,POLY_SESSION_003,True,2026-04-18 21:32:03.797987+00:00,2026-04-19 13:24:32.994070+00:00,"{'edge': 0.29500000000000004, 'paper': True, 'reasoning': 'BTC[DB:macro BUY=1 SELL=0] → UP | Regime: UNKNOWN | Event: UP_EVENT | Side: YES @ 0.795 | Edge: 0.295 | prob=0.90', 'confidence': 80, 'key_factors': [], 'estimated_prob': 0.9}",15.9
e0d68f0f-6ac8-4c97-91f2-881452887d98,0x9b6ba70c448a1ea821a7e75fee63064aca75d13fc728c3c6b4b2cc629541150a,"Will the price of Bitcoin be above $78,000 on April 21?",NO,SIGNAL_BASED,,0.795,0.855,38.98019083414459,30.989251713144945,2.3388114500486736,7.54716981132075,TAKE_PROFIT,POLY_SESSION_003,True,2026-04-19 16:02:25.014866+00:00,2026-04-19 16:58:15.282523+00:00,"{'edge': 0.29500000000000004, 'paper': True, 'reasoning': 'BTC[DB:macro BUY=0 SELL=1] → DOWN | Regime: UNKNOWN | Event: UP_EVENT | Side: NO @ 0.795 | Edge: 0.295 | prob=0.90', 'confidence': 80, 'key_factors': [], 'estimated_prob': 0.9}",0.9
61e78a08-884b-4747-a758-1d83a3adfc33,0x8b50bde7a40b84ee7e693edf526f54a4b99c16df2e962b0f031398dc90bafe4e,"Will the price of Bitcoin be above $76,000 on April 20?",NO,SIGNAL_BASED,,0.605,0.88,50.87832921848127,30.78138917718117,13.99154053508235,45.45454545454546,TAKE_PROFIT,POLY_SESSION_003,True,2026-04-19 13:04:20.220446+00:00,2026-04-19 22:02:00.081000+00:00,"{'edge': 0.10499999999999998, 'paper': True, 'reasoning': 'BTC[DB:macro BUY=0 SELL=1] → DOWN | Regime: UNKNOWN | Event: UP_EVENT | Side: NO @ 0.605 | Edge: 0.105 | prob=0.71', 'confidence': 80, 'key_factors': [], 'estimated_prob': 0.71}",9.0
45afd47d-5dce-4c04-a000-80f2179d57a3,0x7d27eafe8d9a66ec7cb564507fe7dfc22ffb07105a72d994365544c5d0dd749a,"Will Bitcoin dip to $74,000 on April 19?",NO,SIGNAL_BASED,,0.625,0.0,49.73248667383503,31.08280417114689,-31.08280417114689,-100.0,RESOLVED_LOSS,POLY_SESSION_003,True,2026-04-19 19:09:54.810304+00:00,2026-04-19 22:02:00.305102+00:00,"{'edge': 0.125, 'paper': True, 'reasoning': 'BTC[DB:macro BUY=1 SELL=0] → UP | Regime: UNKNOWN | Event: DOWN_EVENT | Side: NO @ 0.625 | Edge: 0.125 | prob=0.75', 'confidence': 80, 'key_factors': [], 'estimated_prob': 0.75}",2.9
f3c85c52-06c2-4f4b-b14f-69296742100e,0x79b8e743e31d874f530a6bb48917b1cc59c867d3804115adf04ad9f36e6351b5,"Will Bitcoin dip to $73,000 on April 19?",NO,SIGNAL_BASED,,0.6975,0.895,45.34825690722804,31.630409192791557,8.95628073917754,28.315412186379934,TAKE_PROFIT,POLY_SESSION_003,True,2026-04-19 22:07:07.017190+00:00,2026-04-20 00:18:38.148113+00:00,"{'edge': 0.1975, 'paper': True, 'reasoning': 'BTC[DB:macro BUY=1 SELL=0] → UP | Regime: UNKNOWN | Event: DOWN_EVENT | Side: NO @ 0.698 | Edge: 0.198 | prob=0.90', 'confidence': 80, 'key_factors': [], 'estimated_prob': 0.895}",2.2
648400eb-fbf3-46ca-86a5-5ac469ab02e8,0xb1d1ba4bd98b2e5cafc55c3da426bafef89d7fedc3527daf26147a6a3e30d2aa,"Will Ethereum dip to $2,250 on April 19?",NO,SIGNAL_BASED,,0.325,0.865,93.43136253870736,30.365192825079895,50.452935770901966,166.15384615384613,TAKE_PROFIT,POLY_SESSION_003,True,2026-04-19 22:12:10.702156+00:00,2026-04-20 01:15:12.800027+00:00,"{'edge': 0.175, 'paper': True, 'reasoning': 'BTC[DB:macro BUY=1 SELL=0] → UP | Regime: UNKNOWN | Event: DOWN_EVENT | Side: NO @ 0.325 | Edge: 0.175 | prob=0.50', 'confidence': 80, 'key_factors': [], 'estimated_prob': 0.5}",3.1
f0f7335b-e9fc-4d1a-8063-c56838609430,0xfccd21504052328617fd772a393e2ed8cf7f13d208546fa561db1654b5ac5e0a,"Will the price of Ethereum be above $2,300 on April 20?",NO,SIGNAL_BASED,,0.61,0.0,55.748816152778254,34.006777853194734,-34.006777853194734,-100.0,RESOLVED_LOSS,POLY_SESSION_003,True,2026-04-20 04:07:05.744402+00:00,2026-04-20 16:30:28.906740+00:00,"{'edge': 0.10999999999999999, 'paper': True, 'reasoning': 'BTC[DB:macro BUY=0 SELL=1] → DOWN | Regime: UNKNOWN | Event: UP_EVENT | Side: NO @ 0.610 | Edge: 0.110 | prob=0.72', 'confidence': 80, 'key_factors': [], 'estimated_prob': 0.72}",12.4
30715e2e-9187-4e50-aa08-378a246af0b4,0x0387d90b06ff7255b904299348e4a819fd9094b6cf8ae0f1135ac561e82fe34a,"Will the price of Bitcoin be above $74,000 on April 21?",NO,SIGNAL_BASED,,0.255,0.095,128.02551662379196,32.64650673906695,-20.484082659806717,-62.7450980392157,STOP_LOSS,POLY_SESSION_003,True,2026-04-20 12:52:53.837439+00:00,2026-04-20 18:06:38.377823+00:00,"{'edge': 0.245, 'paper': True, 'reasoning': 'BTC[DB:macro BUY=0 SELL=1] → DOWN | Regime: UNKNOWN | Event: UP_EVENT | Side: NO @ 0.255 | Edge: 0.245 | prob=0.50', 'confidence': 80, 'key_factors': [], 'estimated_prob': 0.5}",5.2
f5231265-6b9d-46ce-8c6a-14db9ca900d1,0xd7c9496fcab12fa13507d818bd1901c6bdaee946208f94ec98f664cd34e5d98a,"Will Bitcoin reach $77,000 on April 20?",NO,SIGNAL_BASED,,0.71,0.88,43.0612923575979,30.57351757389451,7.320419700791643,23.943661971830984,TAKE_PROFIT,POLY_SESSION_003,True,2026-04-20 19:57:53.089976+00:00,2026-04-20 21:33:59.409519+00:00,"{'edge': 0.20999999999999996, 'paper': True, 'reasoning': 'BTC[DB:macro BUY=0 SELL=1] → DOWN | Regime: UNKNOWN | Event: UP_EVENT | Side: NO @ 0.710 | Edge: 0.210 | prob=0.90', 'confidence': 80, 'key_factors': [], 'estimated_prob': 0.9}",1.6
a5019bb5-a9b5-434d-aed0-d58288bacdc0,0xfeb10fe3021d1bd35887ac62e0c835522be95f061e56bbcf346f974820454517,"Will Ethereum reach $2,350 on April 20?",NO,SIGNAL_BASED,,0.645,0.85,47.85478195647469,30.866334361926175,9.810230301077308,31.782945736434097,TAKE_PROFIT,POLY_SESSION_003,True,2026-04-20 21:34:02.165764+00:00,2026-04-20 23:45:34.322526+00:00,"{'edge': 0.14500000000000002, 'paper': True, 'reasoning': 'BTC[DB:macro BUY=0 SELL=1] → DOWN | Regime: UNKNOWN | Event: UP_EVENT | Side: NO @ 0.645 | Edge: 0.145 | prob=0.79', 'confidence': 80, 'key_factors': [], 'estimated_prob': 0.79}",2.2
035df846-c1d7-43dd-9643-ff94bb0a8d7f,0x496dc2366bbdf6ff90d78507aa1d8026adfe4485eefa90d20dd3c442ebf801b8,"Will the price of Bitcoin be above $76,000 on April 21?",NO,SIGNAL_BASED,,0.695,0.875,45.094455351804704,31.340646469504268,8.11700196332485,25.899280575539578,TAKE_PROFIT,POLY_SESSION_003,True,2026-04-20 16:30:32.268741+00:00,2026-04-21 15:26:55.988100+00:00,"{'edge': 0.19499999999999995, 'paper': True, 'reasoning': 'BTC[DB:macro BUY=0 SELL=1] → DOWN | Regime: UNKNOWN | Event: UP_EVENT | Side: NO @ 0.695 | Edge: 0.195 | prob=0.89', 'confidence': 80, 'key_factors': [], 'estimated_prob': 0.89}",22.9
16ce5589-9f2b-4038-8895-1cfb4a289f84,0x7ced9b53ea8a3a8fb41b7707c7dcb0657602415c796a018ac9c885a71fee123b,"Will the price of Ethereum be above $2,300 on April 21?",NO,SIGNAL_BASED,,0.37,0.0,85.36945883330719,31.586699768323662,-31.586699768323662,-100.0,RESOLVED_LOSS,POLY_SESSION_003,True,2026-04-21 15:26:59.389931+00:00,2026-04-21 15:57:19.294025+00:00,"{'edge': 0.13, 'paper': True, 'reasoning': 'BTC[CCXT:CCXT -0.363%] → DOWN | Regime: UNKNOWN | Event: UP_EVENT | Side: NO @ 0.370 | Edge: 0.130 | prob=0.50', 'confidence': 80, 'key_factors': [], 'estimated_prob': 0.5}",0.5
dabfd154-a8c6-4ba8-a4ef-ea2ecc518b97,0xdc3cf0f8eff72c246c20220d8917bfd976455de632a2ba4a083bd64495ae0c79,"Will the price of Bitcoin be above $76,000 on April 22?",YES,SIGNAL_BASED,,0.365,0.865,83.07734733586497,30.323231777590713,41.53867366793249,136.98630136986304,TAKE_PROFIT,POLY_SESSION_003,True,2026-04-21 17:18:22.367591+00:00,2026-04-22 02:55:41.518888+00:00,"{'edge': 0.135, 'paper': True, 'reasoning': 'BTC[DB:macro BUY=1 SELL=0] → UP | Regime: UNKNOWN | Event: UP_EVENT | Side: YES @ 0.365 | Edge: 0.135 | prob=0.50', 'confidence': 80, 'key_factors': [], 'estimated_prob': 0.5}",9.6
f1e89b4e-7343-4727-acda-90fac2967182,0x3f41bcb4949c6ac70df61f5e59fa2e1d2435056cc1cbc0e13024ac84ba631baf,"Will Bitcoin reach $77,000 on April 21?",YES,SIGNAL_BASED,,0.244,1.0,131.08515870618038,31.98477872430801,99.10037998187236,309.8360655737705,RESOLVED_WIN,POLY_SESSION_003,True,2026-04-22 02:55:43.709854+00:00,2026-04-22 03:00:45.386724+00:00,"{'edge': 0.256, 'paper': True, 'reasoning': 'BTC[DB:macro BUY=1 SELL=0] → UP | Regime: UNKNOWN | Event: UP_EVENT | Side: YES @ 0.244 | Edge: 0.256 | prob=0.50', 'confidence': 80, 'key_factors': [], 'estimated_prob': 0.5}",0.1
a22fa491-99e3-4676-a96f-d51aac7db42e,0x5e49bfc40e32a5523980a1eda96d7023aede55c9649995c7656e6a3f8d6ca11c,"Will the price of Bitcoin be above $78,000 on April 22?",NO,SIGNAL_BASED,,0.6615,0.0,54.34435967283886,35.948793923582905,-35.948793923582905,-100.0,RESOLVED_LOSS,POLY_SESSION_003,True,2026-04-22 03:00:47.811408+00:00,2026-04-22 17:46:29.225916+00:00,"{'edge': 0.16149999999999998, 'paper': True, 'reasoning': 'BTC[DB:macro BUY=0 SELL=1] → DOWN | Regime: UNKNOWN | Event: UP_EVENT | Side: NO @ 0.661 | Edge: 0.161 | prob=0.82', 'confidence': 80, 'key_factors': [], 'estimated_prob': 0.823}",14.8
26f9b38d-e079-4ff0-bc3a-b5e77089f67d,0x1a7145a5a50862e36a6526ee17e6ecb383d1fb20525c039ff72924030e89ad92,"Will the price of Bitcoin be above $80,000 on April 23?",YES,SIGNAL_BASED,,0.218,0.0985,158.30661544330087,34.51084216663959,-18.917640545474455,-54.81651376146789,STOP_LOSS,POLY_SESSION_003,True,2026-04-22 17:51:40.814185+00:00,2026-04-22 23:51:18.092797+00:00,"{'edge': 0.28200000000000003, 'paper': True, 'reasoning': 'BTC[DB:macro BUY=1 SELL=0] → UP | Regime: UNKNOWN | Event: UP_EVENT | Side: YES @ 0.218 | Edge: 0.282 | prob=0.50', 'confidence': 80, 'key_factors': [], 'estimated_prob': 0.5}",6.0
5be4b6a7-9a8e-4960-be34-96af9148043c,0xe75ad6bf216de5cd3d5f36e0883f7f2900d0e013fabef9e016fa35ea262932bd,"Will Bitcoin reach $80,000 on April 22?",YES,SIGNAL_BASED,,0.245,0.0,137.77198589722698,33.75413654482061,-33.75413654482061,-100.0,RESOLVED_LOSS,POLY_SESSION_003,True,2026-04-22 23:51:20.937547+00:00,2026-04-22 23:56:22.443488+00:00,"{'edge': 0.255, 'paper': True, 'reasoning': 'BTC[DB:macro BUY=1 SELL=0] → UP | Regime: UNKNOWN | Event: UP_EVENT | Side: YES @ 0.245 | Edge: 0.255 | prob=0.50', 'confidence': 80, 'key_factors': [], 'estimated_prob': 0.5}",0.1
fe6b1f29-2be9-45b9-b942-0521497a481c,0x41ef7c9a12ef7f47489b1414a20a761ebd3870479be06dfc3f5a06bcfd9e62f2,"Will Bitcoin reach $82,000 April 20-26?",YES,SIGNAL_BASED,,0.235,0.1,137.8892386511821,32.40397108302779,-18.61504721790958,-57.44680851063829,STOP_LOSS,POLY_SESSION_003,True,2026-04-22 23:56:24.896929+00:00,2026-04-23 10:13:27.654480+00:00,"{'edge': 0.265, 'paper': True, 'reasoning': 'BTC[DB:macro BUY=1 SELL=0] → UP | Regime: UNKNOWN | Event: UP_EVENT | Side: YES @ 0.235 | Edge: 0.265 | prob=0.50', 'confidence': 80, 'key_factors': [], 'estimated_prob': 0.5}",10.3
b32f02bf-cebc-42b9-b95a-68369d0dc4a1,0xfac1ce6e7f823f439ef487798c16b5239a54f574b9a31d460f9f878be7d60ad8,"Will the price of Bitcoin be above $78,000 on April 23?",YES,SIGNAL_BASED,,0.235,0.915,134.72071997579323,31.65936919431141,91.6100895835394,289.3617021276596,TAKE_PROFIT,POLY_SESSION_003,True,2026-04-23 10:13:30.349181+00:00,2026-04-23 15:22:11.222372+00:00,"{'edge': 0.265, 'paper': True, 'reasoning': 'BTC[DB:macro BUY=1 SELL=0] → UP | Regime: UNKNOWN | Event: UP_EVENT | Side: YES @ 0.235 | Edge: 0.265 | prob=0.50', 'confidence': 80, 'key_factors': [], 'estimated_prob': 0.5}",5.1
13aa51bc-36ee-49a1-a875-2e3df6f4a44c,0x722db2841f8405ffb54ecc960ca2fbd765c3b1f75cfc5d4ff392dcf84dfacf40,"Will Ethereum reach $2,600 in April?",YES,SIGNAL_BASED,,0.365,0.095,109.58904109589041,40.0,-29.58904109589041,-73.97260273972603,STOP_LOSS,POLY_SESSION_003,True,2026-04-14 18:25:11.194703+00:00,2026-04-24 05:10:31.922843+00:00,"{'edge': 0.135, 'paper': True, 'reasoning': 'BTC[DB] +0.000% → UP | Regime: TREND_UP | Event: UP_EVENT | Side: YES @ 0.365 | Edge: 0.135', 'confidence': 80, 'key_factors': [], 'estimated_prob': 1.0}",226.8
e569bd61-922e-4518-8640-f509eb59b1fe,0x169aa02e149d5b9ce91bf2cce984bfb5e414e2bb8ed1405481e0e30de16f9ce3,"Will Ethereum dip to $2,200 April 20-26?",NO,SIGNAL_BASED,,0.77,0.85,45.875029581367514,35.323772777652984,3.670002366509401,10.38961038961039,TAKE_PROFIT,POLY_SESSION_003,True,2026-04-23 15:22:13.997441+00:00,2026-04-24 08:43:12.817782+00:00,"{'edge': 0.27, 'paper': True, 'reasoning': 'BTC[DB:macro BUY=1 SELL=0] → UP | Regime: UNKNOWN | Event: DOWN_EVENT | Side: NO @ 0.770 | Edge: 0.270 | prob=0.90', 'confidence': 80, 'key_factors': [], 'estimated_prob': 0.9}",17.3
b0ef27f5-23b3-465f-a526-4bda6d1f0684,0xf51551b39d50396009471492879718c582a9b1e7c8448793544f480991c1c019,"Will Bitcoin reach $76,000 April 13-19?",YES,SIGNAL_BASED,,0.75,0.0,47.00088132510337,35.25066099382753,-35.25066099382753,-100.0,EXPIRED_UNKNOWN,POLY_SESSION_003,True,2026-04-16 15:26:47.892194+00:00,2026-04-24 21:58:46.957840+00:00,"{'edge': 0.25, 'paper': True, 'reasoning': 'BTC[DB:macro BUY=1 SELL=0] → UP | Regime: UNKNOWN | Event: UP_EVENT | Side: YES @ 0.750 | Edge: 0.250 | prob=0.90', 'confidence': 80, 'key_factors': [], 'estimated_prob': 0.9}",198.5
99e85899-f6c9-4640-b3cd-38ed4397062c,0x98b1ed209f3e5a6c8a81b4137999f31d31f7ec3d96a6e9df84f2ec1f4f8137d2,"Will Bitcoin reach $79,000 on April 24?",YES,SIGNAL_BASED,,0.2,0.0,98.42938793730917,19.685877587461835,-19.685877587461835,-100.0,RESOLVED_LOSS,POLY_SESSION_003,True,2026-04-24 21:58:49.650227+00:00,2026-04-24 22:03:52.129074+00:00,"{'edge': 0.3, 'paper': True, 'reasoning': 'BTC[DB:macro BUY=1 SELL=0] → UP | Regime: UNKNOWN | Event: UP_EVENT | Side: YES @ 0.200 | Edge: 0.300 | prob=0.50', 'confidence': 80, 'key_factors': [], 'estimated_prob': 0.5}",0.1
7578c8ec-132f-41aa-87ea-915885499306,0xfd62ce0268cee04137761150c3824c271389af192944b00fca705e4375d64b41,"Will Bitcoin dip to $77,000 on April 24?",NO,SIGNAL_BASED,,0.79,0.86,25.557776809427892,20.190643679448037,1.7890443766599518,8.860759493670882,TAKE_PROFIT,POLY_SESSION_003,True,2026-04-24 21:58:49.245799+00:00,2026-04-25 00:02:57.619606+00:00,"{'edge': 0.29000000000000004, 'paper': True, 'reasoning': 'BTC[DB:macro BUY=1 SELL=0] → UP | Regime: UNKNOWN | Event: DOWN_EVENT | Side: NO @ 0.790 | Edge: 0.290 | prob=0.90', 'confidence': 80, 'key_factors': [], 'estimated_prob': 0.9}",2.1
af335ad7-0ffb-454c-9079-46f0cd783a89,0x3bce4448577224042b5e178c6ab692127b65354b746e9104a777f4022c2f37c4,"Will Bitcoin reach $80,000 April 20-26?",YES,SIGNAL_BASED,,0.265,0.265,117.95752292063875,31.25874357396927,0.0,0.0,SESSION_RESET,POLY_SESSION_003,True,2026-04-21 04:59:16.058594+00:00,2026-04-25 05:58:58.527786+00:00,"{'edge': 0.235, 'paper': True, 'reasoning': 'BTC[DB:macro BUY=1 SELL=0] → UP | Regime: UNKNOWN | Event: UP_EVENT | Side: YES @ 0.265 | Edge: 0.235 | prob=0.50', 'confidence': 80, 'key_factors': [], 'estimated_prob': 0.5}",97.0
21de72a9-8dc1-4b66-a5df-f30c811bc345,0xfb1835b887c33862f5749c619e612d1244ab6e66115f0ef43d373485dc3a1573,Will Manchester City win the 2025–26 English Premier League?,YES,PREDICTION_LLM,,0.115,0.115,140.04983252552708,16.105730740435614,0.0,0.0,SESSION_RESET,POLY_SESSION_002,True,2026-03-27 23:59:45.237096+00:00,2026-04-25 05:58:58.527786+00:00,"{'edge': 0.085, 'paper': True, 'reasoning': 'While Manchester City has been a strong team in recent years, their chances of winning the Premier League can fluctuate due to factors like player injuries, competition from other clubs, and managerial changes. Given the current market price of 11.5%, I believe the true probability is higher, but I remain cautious due to the unpredictability of football. The remaining time until resolution also allows for potential shifts in team performance.', 'confidence': 70, 'key_factors': ['Team performance trends', 'Injuries and squad depth', 'Competition from other top teams'], 'estimated_prob': 0.2}",678.0
1e5e1705-b58f-4d0f-9858-65f50079ee83,0x06a804e8bd1a539829b7db279ad33b2cf0bcf98f315a3b3a8c7623e6230d88fd,"Will Bitcoin reach $80,000 in April?",YES,SIGNAL_BASED,,0.345,0.345,115.94202898550725,40.0,0.0,0.0,SESSION_RESET,POLY_SESSION_003,True,2026-04-14 18:13:56.242253+00:00,2026-04-25 05:58:58.527786+00:00,"{'edge': 0.15500000000000003, 'paper': True, 'reasoning': 'BTC[DB] +0.000% → UP | Regime: TREND_UP | Event: UP_EVENT | Side: YES @ 0.345 | Edge: 0.155', 'confidence': 80, 'key_factors': [], 'estimated_prob': 0.7}",251.8
351c0847-6970-4e25-a378-f84821f74aaf,0x8a26b66b6bdb6b12af72cdf6c47e6a4b869b0deb595a780f430e639b748b6152,"Will Bitcoin reach $82,500 in April?",YES,SIGNAL_BASED,,0.2,0.2,171.63630111355621,34.327260222711246,0.0,0.0,SESSION_RESET,POLY_SESSION_003,True,2026-04-24 05:10:35.040794+00:00,2026-04-25 05:58:58.527786+00:00,"{'edge': 0.3, 'paper': True, 'reasoning': 'BTC[DB:macro BUY=1 SELL=0] → UP | Regime: UNKNOWN | Event: UP_EVENT | Side: YES @ 0.200 | Edge: 0.300 | prob=0.50', 'confidence': 80, 'key_factors': [], 'estimated_prob': 0.5}",24.8
978b3627-5011-4bf3-80ab-182e117fe8a2,0x3ab780b81ecd276c4e3694b030ba41076edc35c21af08efce47e79761808f4d9,"Will Bitcoin reach $78,000 April 20-26?",YES,SIGNAL_BASED,,0.8,0.8,43.14240102446161,34.51392081956929,0.0,0.0,SESSION_RESET,POLY_SESSION_003,True,2026-04-24 09:03:41.176524+00:00,2026-04-25 05:58:58.527786+00:00,"{'edge': 0.30000000000000004, 'paper': True, 'reasoning': 'BTC[DB:macro BUY=1 SELL=0] → UP | Regime: UNKNOWN | Event: UP_EVENT | Side: YES @ 0.800 | Edge: 0.300 | prob=0.90', 'confidence': 80, 'key_factors': [], 'estimated_prob': 0.9}",20.9
379f0deb-eaf6-4f7f-b8bd-9bf3f68c09ad,0xcba24842ceac7a40d2a8b9adde1f4407999b6505193b9fd68156ae76fbffa706,Will Arsenal win the 2025–26 English Premier League?,NO,PREDICTION_LLM,,0.12,0.12,212.43181517792124,25.491817821350548,0.0,0.0,SESSION_RESET,POLY_SESSION_002,True,2026-03-27 23:59:56.638638+00:00,2026-04-25 05:58:58.527786+00:00,"{'edge': 0.13, 'paper': True, 'reasoning': ""While Arsenal has shown strong performance in recent seasons, the Premier League is highly competitive, and factors such as injuries, transfers, and managerial changes can significantly impact outcomes. Given the current market price and volume, I believe the market is slightly overestimating Arsenal's chances, but they remain a strong contender."", 'confidence': 75, 'key_factors': [""Arsenal's recent performance"", 'Competitiveness of the Premier League', 'Injuries and squad depth'], 'estimated_prob': 0.75}",678.0
c8257591-96d4-41d4-b58f-af6cbbe2bb5d,0xb30e3654a90a243f8af1cfc56954ff16195545205a350443deb2bda98feaa001,"Will the price of Bitcoin be above $78,000 on April 25?",YES,SIGNAL_BASED,,0.275,0.275,75.30309996996937,20.70835249174158,0.0,0.0,SESSION_RESET,POLY_SESSION_003,True,2026-04-24 21:58:48.845189+00:00,2026-04-25 05:58:58.527786+00:00,"{'edge': 0.22499999999999998, 'paper': True, 'reasoning': 'BTC[DB:macro BUY=1 SELL=0] → UP | Regime: UNKNOWN | Event: UP_EVENT | Side: YES @ 0.275 | Edge: 0.225 | prob=0.50', 'confidence': 80, 'key_factors': [], 'estimated_prob': 0.5}",8.0
e05ccfa5-c9f0-490c-9617-175232f918f1,0x6edca629c8e75d6ddb704c29197d3eaf8b8400fc79c230599d45906b679aecdc,"Will the price of Ethereum be above $2,400 on April 27?",YES,SIGNAL_BASED,,0.21,0.21,91.39871737035853,19.19373064777529,0.0,0.0,SESSION_RESET,POLY_SESSION_003,True,2026-04-24 21:58:50.086137+00:00,2026-04-25 05:58:58.527786+00:00,"{'edge': 0.29000000000000004, 'paper': True, 'reasoning': 'BTC[DB:macro BUY=1 SELL=0] → UP | Regime: UNKNOWN | Event: UP_EVENT | Side: YES @ 0.210 | Edge: 0.290 | prob=0.50', 'confidence': 80, 'key_factors': [], 'estimated_prob': 0.5}",8.0
4b8c487a-7a19-4911-9446-36c0bbdf90c0,0x269b4de59b444c57f166f690b1ce8c388bf26167c6a68f7613ab5b05e86375a8,Pete Hegseth out as Secretary of Defense by June 30?,YES,legged_arb,,0.245,0.245,76.38321380237105,18.713887381580907,0.0,0.0,SESSION_RESET,POLY_SESSION_003,True,2026-04-24 22:06:13.079546+00:00,2026-04-25 05:58:58.527786+00:00,"{'edge': 0.255, 'paper': True, 'reasoning': 'LEGGED_ARB_PHASE1 | YES @ 0.245 | NO @ 0.755 | 66.1d left | Potential edge if reverses: 0.255', 'confidence': 60, 'key_factors': [], 'estimated_prob': 0.5}",7.9
ad5cd148-9ab2-49f1-a82f-3caac3027c47,0xa05c869fcd6edef0b6e3ee0f11c67c7cd372f29afd88e2a837cd9458c19b4411,"Will Bitcoin dip to $75,000 in April?",NO,combinatorial,,0.505,0.505,37.21887603652294,18.795532398444085,0.0,0.0,SESSION_RESET,POLY_SESSION_003,True,2026-04-25 00:03:01.075403+00:00,2026-04-25 05:58:58.527786+00:00,"{'edge': 0.295, 'paper': True, 'reasoning': 'COMBINATORIAL_ARB | BTC | Threshold $65,000 @ 20.0% < Threshold $75,000 @ 49.5% [VIOLACIÓN 29.5%] → Buy NO of high market', 'confidence': 59, 'key_factors': [], 'estimated_prob': 0.6525}",5.9
7bc37faf-d3b7-4bc4-a27f-6077a1277a03,0xf326a07132ea27d151fade9df0424db7c5ee496b44e5f373a41b4f15431bfd97,"Will Bitcoin dip to $65,000 in April?",YES,legged_arb,LEGGED_ARB,0.2,0.0,118.828125,23.765625,-23.765625,-100.0,RESOLVED_LOSS,POLY_SESSION_004,True,2026-04-25 05:59:26.812797+00:00,2026-04-25 06:00:33.999602+00:00,"{'edge': 0.3, 'paper': True, 'reasoning': 'LEGGED_ARB_PHASE1 | YES @ 0.200 | NO @ 0.800 | 5.9d left | Potential edge if reverses: 0.300', 'confidence': 60, 'key_factors': [], 'estimated_prob': 0.5}",0.0
81c4eff7-5f7e-47f2-bf1a-988c270f9218,0xc185f6ce2c105d6e08c258a8b222ed9091191f28a011faec54abff188ac49dae,"Will Bitcoin reach $85,000 in April?",YES,legged_arb,LEGGED_ARB,0.2,0.0,115.857421875,23.171484375000002,-23.171484375000002,-100.0,RESOLVED_LOSS,POLY_SESSION_004,True,2026-04-25 05:59:27.226341+00:00,2026-04-25 06:00:34.239369+00:00,"{'edge': 0.3, 'paper': True, 'reasoning': 'LEGGED_ARB_PHASE1 | YES @ 0.200 | NO @ 0.800 | 5.9d left | Potential edge if reverses: 0.300', 'confidence': 60, 'key_factors': [], 'estimated_prob': 0.5}",0.0
a5fe0ffa-a8e2-4a77-802d-654d6dd8a87c,0xe9b3689f18821f4417a33d6252f32c143f5f80b1bde8f04a12996189a90eaecd,"Will Ethereum reach $2,800 in April?",YES,legged_arb,LEGGED_ARB,0.2085,0.0,108.35586218525182,22.592197265625003,-22.592197265625003,-100.0,RESOLVED_LOSS,POLY_SESSION_004,True,2026-04-25 05:59:27.704545+00:00,2026-04-25 06:00:34.405266+00:00,"{'edge': 0.2915, 'paper': True, 'reasoning': 'LEGGED_ARB_PHASE1 | YES @ 0.208 | NO @ 0.791 | 5.9d left | Potential edge if reverses: 0.291', 'confidence': 60, 'key_factors': [], 'estimated_prob': 0.5}",0.0
27a3a358-dbb4-42fb-958d-bd40dabd22cf,0x722db2841f8405ffb54ecc960ca2fbd765c3b1f75cfc5d4ff392dcf84dfacf40,"Will Ethereum reach $2,600 in April?",YES,legged_arb,LEGGED_ARB,0.2,0.065,110.13696166992187,22.027392333984377,-14.868489825439454,-67.5,STOP_LOSS,POLY_SESSION_004,True,2026-04-25 05:59:28.130030+00:00,2026-04-25 06:00:34.594453+00:00,"{'edge': 0.3, 'paper': True, 'reasoning': 'LEGGED_ARB_PHASE1 | YES @ 0.200 | NO @ 0.800 | 5.9d left | Potential edge if reverses: 0.300', 'confidence': 60, 'key_factors': [], 'estimated_prob': 0.5}",0.0
d27d5d8a-4274-4c10-8f45-4875c6154229,0x1889a2b777aea48dfc49618adfe5df7d9b564a3139223ebc18f65949e50add8d,"Will Ethereum dip to $2,000 in April?",YES,legged_arb,LEGGED_ARB,0.2005,0.0,107.11574825753,21.476707525634765,-21.476707525634765,-100.0,RESOLVED_LOSS,POLY_SESSION_004,True,2026-04-25 05:59:28.559679+00:00,2026-04-25 06:00:34.828163+00:00,"{'edge': 0.2995, 'paper': True, 'reasoning': 'LEGGED_ARB_PHASE1 | YES @ 0.201 | NO @ 0.799 | 5.9d left | Potential edge if reverses: 0.299', 'confidence': 60, 'key_factors': [], 'estimated_prob': 0.5}",0.0
7ebd1ee2-26c5-44ca-9e0b-f86ee045b2b8,0x169aa02e149d5b9ce91bf2cce984bfb5e414e2bb8ed1405481e0e30de16f9ce3,"Will Ethereum dip to $2,200 April 20-26?",YES,legged_arb,LEGGED_ARB,0.215,0.0,93.39714401355079,20.080385962913418,-20.080385962913418,-100.0,RESOLVED_LOSS,POLY_SESSION_004,True,2026-04-25 06:00:43.730017+00:00,2026-04-25 06:05:46.302151+00:00,"{'edge': 0.285, 'paper': True, 'reasoning': 'LEGGED_ARB_PHASE1 | YES @ 0.215 | NO @ 0.785 | 1.9d left | Potential edge if reverses: 0.285', 'confidence': 60, 'key_factors': [], 'estimated_prob': 0.5}",0.1
8b41cea7-bbef-4468-b0b7-561d28a97b1d,0x41ef7c9a12ef7f47489b1414a20a761ebd3870479be06dfc3f5a06bcfd9e62f2,"Will Bitcoin reach $82,000 April 20-26?",YES,legged_arb,LEGGED_ARB,0.21,0.0,93.23036339924087,19.578376313840582,-19.578376313840582,-100.0,RESOLVED_LOSS,POLY_SESSION_004,True,2026-04-25 06:00:44.149814+00:00,2026-04-25 06:05:46.466468+00:00,"{'edge': 0.29, 'paper': True, 'reasoning': 'LEGGED_ARB_PHASE1 | YES @ 0.210 | NO @ 0.790 | 1.9d left | Potential edge if reverses: 0.290', 'confidence': 60, 'key_factors': [], 'estimated_prob': 0.5}",0.1
887696d9-892d-4f5f-ba28-77ebc8c6858f,0xe48259d42f2adaaad5d6a6ea6dcc53d823bfbee8a14e270456b33f5ffa4270d8,"Will the price of Ethereum be above $2,300 on April 25?",NO,combinatorial,COMBINATORIAL,0.22,0.095,110.79545454545455,24.375,-13.849431818181818,-56.81818181818182,STOP_LOSS,POLY_SESSION_004,True,2026-04-25 05:59:26.405600+00:00,2026-04-25 09:44:06.413015+00:00,"{'edge': 0.5795, 'paper': True, 'reasoning': 'COMBINATORIAL_ARB | ETH | Threshold $2,000 @ 20.1% < Threshold $2,300 @ 78.0% [VIOLACIÓN 58.0%] → Buy NO of high market', 'confidence': 95, 'key_factors': [], 'estimated_prob': 0.5097499999999999}",3.7
fdfb83fc-bbf0-419e-9b0f-14f64619f207,0x3bce4448577224042b5e178c6ab692127b65354b746e9104a777f4022c2f37c4,"Will Bitcoin reach $80,000 April 20-26?",YES,legged_arb,LEGGED_ARB,0.2,0.1,104.69894918746948,20.939789837493898,-10.469894918746949,-50.0,STOP_LOSS,POLY_SESSION_004,True,2026-04-25 05:59:28.966746+00:00,2026-04-25 15:49:39.148246+00:00,"{'edge': 0.3, 'paper': True, 'reasoning': 'LEGGED_ARB_PHASE1 | YES @ 0.200 | NO @ 0.800 | 1.9d left | Potential edge if reverses: 0.300', 'confidence': 60, 'key_factors': [], 'estimated_prob': 0.5}",9.8
cb6f0faa-7a53-4092-8d05-11dec294a467,0x448abde3e103004bc7f3e34c8003f9034ad913594d4e6635d3798461b42a3281,"Will the price of Bitcoin be above $76,000 on April 26?",NO,combinatorial,COMBINATORIAL,0.215,0.095,80.63939801938265,17.33747057416727,-9.676727762325918,-55.81395348837209,STOP_LOSS,POLY_SESSION_004,True,2026-04-25 16:04:58.000820+00:00,2026-04-25 16:10:00.067885+00:00,"{'edge': 0.585, 'paper': True, 'reasoning': 'COMBINATORIAL_ARB | BTC | Threshold $65,000 @ 20.0% < Threshold $76,000 @ 78.5% [VIOLACIÓN 58.5%] → Buy NO of high market', 'confidence': 95, 'key_factors': [], 'estimated_prob': 0.5075}",0.1
d47e8de2-7fb2-4f6a-9e7a-a3e72ca871fa,0xd6240e05551d2c37797bec097f0ce685c173774ed02a0b94af4ec295acf980fe,"Will Bitcoin dip to $77,000 on April 25?",NO,combinatorial,COMBINATORIAL,0.495,0.86,34.53646945476591,17.095552380109122,12.605811350989558,73.73737373737376,TAKE_PROFIT,POLY_SESSION_004,True,2026-04-25 16:50:41.298105+00:00,2026-04-25 22:30:48.998607+00:00,"{'edge': 0.305, 'paper': True, 'reasoning': 'COMBINATORIAL_ARB | BTC | Threshold $65,000 @ 20.0% < Threshold $77,000 @ 50.5% [VIOLACIÓN 30.5%] → Buy NO of high market', 'confidence': 61, 'key_factors': [], 'estimated_prob': 0.6475}",5.7
3cc8838c-535e-46d5-9226-83f29c1db263,0x6edca629c8e75d6ddb704c29197d3eaf8b8400fc79c230599d45906b679aecdc,"Will the price of Ethereum be above $2,400 on April 27?",YES,legged_arb,LEGGED_ARB,0.21,0.1,90.89960431425985,19.088916905994566,-9.998956474568581,-52.38095238095237,STOP_LOSS,POLY_SESSION_004,True,2026-04-25 06:00:44.548688+00:00,2026-04-26 03:36:48.410560+00:00,"{'edge': 0.29, 'paper': True, 'reasoning': 'LEGGED_ARB_PHASE1 | YES @ 0.210 | NO @ 0.790 | 2.4d left | Potential edge if reverses: 0.290', 'confidence': 60, 'key_factors': [], 'estimated_prob': 0.5}",21.6
125a6995-c0ea-4765-90dc-bc11f71aef72,0x0d7f4f5bf47ed95111d84361270ec935f54e0d6157dbaf526faebc5286dc8983,"Will Bitcoin reach $78,000 on April 25?",NO,SIGNAL_BASED,SIGNAL_BASED,0.8,1.0,21.503349041340513,17.202679233072413,4.3006698082681005,24.999999999999982,RESOLVED_WIN,POLY_SESSION_004,True,2026-04-26 03:36:52.829911+00:00,2026-04-26 03:41:54.705677+00:00,"{'edge': 0.30000000000000004, 'paper': True, 'reasoning': 'BTC[DB:macro BUY=0 SELL=1] → DOWN | Regime: UNKNOWN | Event: UP_EVENT | Side: NO @ 0.800 | Edge: 0.300 | prob=0.90', 'confidence': 80, 'key_factors': [], 'estimated_prob': 0.9}",0.1
4cf75b40-3d00-45c6-8b3c-b093b36b5c4b,0xedb24439229c6a1298e2a7daa40fda3d96479b8dca3e34390f2068893a0bab2f,"Will the price of Bitcoin be above $78,000 on April 26?",NO,combinatorial,COMBINATORIAL,0.615,0.0,28.477337004292014,17.513562257639588,-17.513562257639588,-100.0,RESOLVED_LOSS,POLY_SESSION_004,True,2026-04-25 09:44:10.865145+00:00,2026-04-26 16:02:04.238660+00:00,"{'edge': 0.185, 'paper': True, 'reasoning': 'COMBINATORIAL_ARB | BTC | Threshold $65,000 @ 20.0% < Threshold $78,000 @ 38.5% [VIOLACIÓN 18.5%] → Buy NO of high market', 'confidence': 37, 'key_factors': [], 'estimated_prob': 0.7075}",30.3
89a59d01-043b-4709-a78e-847160918358,0xf6f27a4034b9ec7a818289d3d662d75fcc06e0cb20d5bb154b806a6c43e970e4,"Will the price of Bitcoin be between $76,000 and $78,000 on April 26?",NO,combinatorial,COMBINATORIAL,0.335,1.0,51.972231832489136,17.410697663883862,34.56153416860528,198.50746268656715,RESOLVED_WIN,POLY_SESSION_004,True,2026-04-25 22:30:52.377822+00:00,2026-04-26 16:02:04.454391+00:00,"{'edge': 0.465, 'paper': True, 'reasoning': 'COMBINATORIAL_ARB | BTC | Threshold $65,000 @ 20.0% < Threshold $76,000 @ 66.5% [VIOLACIÓN 46.5%] → Buy NO of high market', 'confidence': 93, 'key_factors': [], 'estimated_prob': 0.5675}",17.5
b9899af1-d415-468e-9c90-059547699343,0xdf6490fd80ac3f290e9f85f4b2b9b39380e83c3250935326bfda4367420a000a,"Will the price of Bitcoin be between $78,000 and $80,000 on April 26?",NO,combinatorial,COMBINATORIAL,0.45,0.0,38.4671021739536,17.31019597827912,-17.31019597827912,-100.0,RESOLVED_LOSS,POLY_SESSION_004,True,2026-04-26 11:07:53.561609+00:00,2026-04-26 16:02:04.633244+00:00,"{'edge': 0.35, 'paper': True, 'reasoning': 'COMBINATORIAL_ARB | BTC | Threshold $65,000 @ 20.0% < Threshold $78,000 @ 55.0% [VIOLACIÓN 35.0%] → Buy NO of high market', 'confidence': 70, 'key_factors': [], 'estimated_prob': 0.625}",4.9
8708b521-af30-41bf-8c49-3c19f3afcf92,0xc087ecd54c37928cdd45135a1cd82ae7ada774c7cb3b485f329070127abde91f,"Will Bitcoin reach $79,000 on April 26?",NO,combinatorial,COMBINATORIAL,0.605,0.0,28.56077685570132,17.2792699976993,-17.2792699976993,-100.0,RESOLVED_LOSS,POLY_SESSION_004,True,2026-04-26 19:04:46.245542+00:00,2026-04-27 00:54:44.225704+00:00,"{'edge': 0.195, 'paper': True, 'reasoning': 'COMBINATORIAL_ARB | BTC | Threshold $65,000 @ 20.0% < Threshold $79,000 @ 39.5% [VIOLACIÓN 19.5%] → Buy NO of high market', 'confidence': 39, 'key_factors': [], 'estimated_prob': 0.7025}",5.8
4a11b12f-6e10-45b7-8388-b6df26e83297,0x3ab780b81ecd276c4e3694b030ba41076edc35c21af08efce47e79761808f4d9,"Will Bitcoin reach $78,000 April 20-26?",NO,combinatorial,COMBINATORIAL,0.2,0.0,125.0,25.0,-25.0,-100.0,EXPIRED_UNKNOWN,POLY_SESSION_004,True,2026-04-25 05:59:25.960483+00:00,2026-04-27 04:02:38.303227+00:00,"{'edge': 0.6, 'paper': True, 'reasoning': 'COMBINATORIAL_ARB | BTC | Threshold $65,000 @ 20.0% < Threshold $78,000 @ 80.0% [VIOLACIÓN 60.0%] → Buy NO of high market', 'confidence': 95, 'key_factors': [], 'estimated_prob': 0.5}",46.1
61f5aee2-b9b9-48f6-9baa-f4e1d7e241df,0x6626dd1b924d1edeb95a52e4ee813145d0e83342b47a6faf931351652e13bdc2,"Will the price of Bitcoin be above $80,000 on April 27?",NO,SIGNAL_BASED,SIGNAL_BASED,0.795,0.865,21.191557544348193,16.847288247756815,1.4834090281043721,8.805031446540871,TAKE_PROFIT,POLY_SESSION_004,True,2026-04-27 00:54:47.201520+00:00,2026-04-27 05:08:35.652798+00:00,"{'edge': 0.29500000000000004, 'paper': True, 'reasoning': 'BTC[DB:macro BUY=0 SELL=1] → DOWN | Regime: UNKNOWN | Event: UP_EVENT | Side: NO @ 0.795 | Edge: 0.295 | prob=0.90', 'confidence': 80, 'key_factors': [], 'estimated_prob': 0.9}",4.2
fd8f1d3f-04bf-437b-ad02-afb1fd4b8a33,0xaa4f16db7b712d98dbb9dc611c01a14f20579cf7d0d92db390158915a37e64a5,"Will the price of Ethereum be above $2,400 on April 28?",NO,combinatorial,COMBINATORIAL,0.675,0.855,26.25530104113853,17.72232820276851,4.725954187404934,26.666666666666654,TAKE_PROFIT,POLY_SESSION_004,True,2026-04-26 18:49:32.313565+00:00,2026-04-27 06:34:53.746152+00:00,"{'edge': 0.1245, 'paper': True, 'reasoning': 'COMBINATORIAL_ARB | ETH | Threshold $2,000 @ 20.1% < Threshold $2,400 @ 32.5% [VIOLACIÓN 12.4%] → Buy NO of high market', 'confidence': 24, 'key_factors': [], 'estimated_prob': 0.7372500000000001}",11.8
3bbde165-93f4-4098-b7d4-2c4fee67c794,0x8a26b66b6bdb6b12af72cdf6c47e6a4b869b0deb595a780f430e639b748b6152,"Will Bitcoin reach $82,500 in April?",YES,legged_arb,LEGGED_ARB,0.2,0.095,102.97633827135087,20.595267654270174,-10.812515518491841,-52.5,STOP_LOSS,POLY_SESSION_004,True,2026-04-25 06:00:43.309688+00:00,2026-04-27 07:45:57.265366+00:00,"{'edge': 0.3, 'paper': True, 'reasoning': 'LEGGED_ARB_PHASE1 | YES @ 0.200 | NO @ 0.800 | 5.9d left | Potential edge if reverses: 0.300', 'confidence': 60, 'key_factors': [], 'estimated_prob': 0.5}",49.8
d9e559c0-1426-497e-a04a-ff5fcec7853b,0x3e8703de91035706cf1492a57d7e6837a912c3956881760035e39ed1a8dd9f78,"Will the price of Bitcoin be above $76,000 on April 28?",NO,combinatorial,COMBINATORIAL,0.205,0.1,80.30372749572166,16.462264136622938,-8.431891387050772,-51.21951219512194,STOP_LOSS,POLY_SESSION_004,True,2026-04-27 05:44:10.011844+00:00,2026-04-27 14:21:55.055375+00:00,"{'edge': 0.595, 'paper': True, 'reasoning': 'COMBINATORIAL_ARB | BTC | Threshold $65,000 @ 20.0% < Threshold $76,000 @ 79.5% [VIOLACIÓN 59.5%] → Buy NO of high market', 'confidence': 95, 'key_factors': [], 'estimated_prob': 0.5025}",8.6
72fb238a-e33f-4bf6-a1eb-2218c649f029,0xe6eb5c2d983cc8e56e2ac91aa1215564c202d697d32e69ec1f7bce5a578ba633,"Will the price of Ethereum be above $2,300 on April 27?",NO,combinatorial,COMBINATORIAL,0.2235,0.0545,75.54529518326363,16.884373473459423,-12.767154885971554,-75.6152125279642,STOP_LOSS,POLY_SESSION_004,True,2026-04-27 05:28:55.804285+00:00,2026-04-27 14:37:09.488987+00:00,"{'edge': 0.576, 'paper': True, 'reasoning': 'COMBINATORIAL_ARB | ETH | Threshold $2,000 @ 20.1% < Threshold $2,300 @ 77.6% [VIOLACIÓN 57.6%] → Buy NO of high market', 'confidence': 95, 'key_factors': [], 'estimated_prob': 0.5115000000000001}",9.1
fefaa038-7c60-4c68-ac03-02e4cfce785e,0x04594d034bd793ac1e1cb461cfb9c942dbe702f81feba0bb523556d98f862bd5,"Will the price of Bitcoin be above $78,000 on April 27?",NO,combinatorial,COMBINATORIAL,0.495,0.915,36.72070075683711,18.176746874634368,15.422694317871589,84.84848484848486,TAKE_PROFIT,POLY_SESSION_004,True,2026-04-26 16:02:09.576977+00:00,2026-04-27 15:07:36.688661+00:00,"{'edge': 0.305, 'paper': True, 'reasoning': 'COMBINATORIAL_ARB | BTC | Threshold $65,000 @ 20.0% < Threshold $78,000 @ 50.5% [VIOLACIÓN 30.5%] → Buy NO of high market', 'confidence': 61, 'key_factors': [], 'estimated_prob': 0.6475}",23.1
f72a287d-1760-4abd-a1da-d8ca1cfef92e,0xff6abcc86bed28e8c0aebf2a5c094bdd1ae6862c37b7adb1d615320488b4a1ea,"Will the price of Bitcoin be between $78,000 and $80,000 on April 27?",NO,combinatorial,COMBINATORIAL,0.645,0.905,25.754906345677053,16.6119145929617,6.696275649876036,40.31007751937985,TAKE_PROFIT,POLY_SESSION_004,True,2026-04-27 07:20:38.682938+00:00,2026-04-27 15:07:36.862265+00:00,"{'edge': 0.155, 'paper': True, 'reasoning': 'COMBINATORIAL_ARB | BTC | Threshold $65,000 @ 20.0% < Threshold $78,000 @ 35.5% [VIOLACIÓN 15.5%] → Buy NO of high market', 'confidence': 30, 'key_factors': [], 'estimated_prob': 0.7225}",7.8
162ae409-e3ee-4791-a646-cf1f51501ff2,0x89a4e11edaac57a32a2ae33192ea26ff8893059441a22fba8f1bf0a006dc57fa,"Will the price of Bitcoin be between $76,000 and $78,000 on April 27?",NO,combinatorial,COMBINATORIAL,0.395,0.08,41.623254510207886,16.441185531532117,-13.111325170715485,-79.74683544303797,STOP_LOSS,POLY_SESSION_004,True,2026-04-27 07:46:02.339184+00:00,2026-04-27 15:12:41.907136+00:00,"{'edge': 0.405, 'paper': True, 'reasoning': 'COMBINATORIAL_ARB | BTC | Threshold $65,000 @ 20.0% < Threshold $76,000 @ 60.5% [VIOLACIÓN 40.5%] → Buy NO of high market', 'confidence': 81, 'key_factors': [], 'estimated_prob': 0.5975}",7.4
9be3d55e-c6f2-4550-982d-e3a450b95b82,0xb31cf77ff0aff5a207ad9fd46bc0b42fbf9eb61d2624024aa1ef6a3c80333cd8,"Will Bitcoin dip to $76,000 on April 27?",NO,combinatorial,COMBINATORIAL,0.505,0.875,35.32630291400856,17.839782971574323,13.070732078183166,73.26732673267327,TAKE_PROFIT,POLY_SESSION_004,True,2026-04-27 15:28:00.798743+00:00,2026-04-27 20:37:25.859189+00:00,"{'edge': 0.295, 'paper': True, 'reasoning': 'COMBINATORIAL_ARB | BTC | Threshold $65,000 @ 20.0% < Threshold $76,000 @ 49.5% [VIOLACIÓN 29.5%] → Buy NO of high market', 'confidence': 59, 'key_factors': [], 'estimated_prob': 0.6525}",5.2
610c5d9b-7c21-4daf-94b6-ba16e6c5b31b,0xd417c08cd6b8632f8fd6e6f11c00bec3bde272bafb2e51f65486f43d1b489d79,"Will the price of Bitcoin be above $78,000 on April 28?",YES,SIGNAL_BASED,SIGNAL_BASED,0.215,0.085,80.90134138272077,17.393788397284965,-10.517174379753698,-60.465116279069754,STOP_LOSS,POLY_SESSION_004,True,2026-04-27 16:03:36.010520+00:00,2026-04-28 06:45:22.875331+00:00,"{'edge': 0.28500000000000003, 'paper': True, 'reasoning': 'BTC[DB:macro BUY=1 SELL=0] → UP | Regime: UNKNOWN | Event: UP_EVENT | Side: YES @ 0.215 | Edge: 0.285 | prob=0.50', 'confidence': 80, 'key_factors': [], 'estimated_prob': 0.5}",14.7
975edee3-8e27-4944-98de-7cb7ced9d828,0x06a804e8bd1a539829b7db279ad33b2cf0bcf98f315a3b3a8c7623e6230d88fd,"Will Bitcoin reach $80,000 in April?",NO,combinatorial,COMBINATORIAL,0.565,0.855,31.314586890118694,17.69274159291706,9.081230198134424,51.32743362831861,TAKE_PROFIT,POLY_SESSION_004,True,2026-04-25 06:05:51.188806+00:00,2026-04-28 10:38:22.100672+00:00,"{'edge': 0.235, 'paper': True, 'reasoning': 'COMBINATORIAL_ARB | BTC | Threshold $65,000 @ 20.0% < Threshold $80,000 @ 43.5% [VIOLACIÓN 23.5%] → Buy NO of high market', 'confidence': 47, 'key_factors': [], 'estimated_prob': 0.6824999999999999}",76.5
8b08411e-6856-4640-8d40-9faf55585f51,0xe8a86d70889663ba3d518d673e0986aa80ca2e74275ff8964783d5e7443fc5e1,"Will the price of Bitcoin be between $76,000 and $78,000 on April 28?",NO,combinatorial,COMBINATORIAL,0.31,0.0,57.19905343095735,17.731706563596777,-17.731706563596777,-100.0,RESOLVED_LOSS,POLY_SESSION_004,True,2026-04-28 03:22:41.185038+00:00,2026-04-28 16:03:18.571019+00:00,"{'edge': 0.49, 'paper': True, 'reasoning': 'COMBINATORIAL_ARB | BTC | Threshold $65,000 @ 20.0% < Threshold $76,000 @ 69.0% [VIOLACIÓN 49.0%] → Buy NO of high market', 'confidence': 95, 'key_factors': [], 'estimated_prob': 0.555}",12.7
d32688b5-c6be-4a9b-8a58-1737eb97a550,0xa70b24891ed3b6d2daf4648be7fef1da5432749995d39e95bb2a46c4d7951c4f,"Will the price of Bitcoin be above $76,000 on April 29?",NO,combinatorial,COMBINATORIAL,0.485,0.27,35.53510446716661,17.234525666575806,-7.640047460440821,-44.329896907216494,STOP_LOSS,POLY_SESSION_004,True,2026-04-28 16:33:50.774849+00:00,2026-04-29 01:51:40.873928+00:00,"{'edge': 0.315, 'paper': True, 'reasoning': 'COMBINATORIAL_ARB | BTC | Threshold $65,000 @ 20.0% < Threshold $76,000 @ 51.5% [VIOLACIÓN 31.5%] → Buy NO of high market', 'confidence': 63, 'key_factors': [], 'estimated_prob': 0.6425}",9.3
a9258964-b206-492d-92f2-13805f84a3da,0x201b92715af6df1c3fa8f4d00a29e7404a8d624de60cf56005a3aa1fd7df5964,"Will Bitcoin dip to $72,000 April 27-May 3?",NO,SIGNAL_BASED,SIGNAL_BASED,0.785,0.85,22.517753606501135,17.676436581103392,1.4636539844225709,8.280254777070047,TAKE_PROFIT,POLY_SESSION_004,True,2026-04-28 13:00:40.480749+00:00,2026-04-29 03:22:55.053476+00:00,"{'edge': 0.28500000000000003, 'paper': True, 'reasoning': 'BTC[DB:macro BUY=1 SELL=0] → UP | Regime: UNKNOWN | Event: DOWN_EVENT | Side: NO @ 0.785 | Edge: 0.285 | prob=0.90', 'confidence': 80, 'key_factors': [], 'trailing_high': 0.85, 'estimated_prob': 0.9}",14.4
266f29f8-a759-40ab-93e0-7debf04844b1,0xa05c869fcd6edef0b6e3ee0f11c67c7cd372f29afd88e2a837cd9458c19b4411,"Will Bitcoin dip to $75,000 in April?",NO,combinatorial,COMBINATORIAL,0.545,0.855,33.29614978671759,18.146401633761087,10.321806433882454,56.88073394495413,TAKE_PROFIT,POLY_SESSION_004,True,2026-04-25 06:05:50.753294+00:00,2026-04-29 09:59:28.223886+00:00,"{'edge': 0.255, 'paper': True, 'reasoning': 'COMBINATORIAL_ARB | BTC | Threshold $65,000 @ 20.0% < Threshold $75,000 @ 45.5% [VIOLACIÓN 25.5%] → Buy NO of high market', 'confidence': 51, 'key_factors': [], 'trailing_high': 0.855, 'estimated_prob': 0.6724999999999999}",99.9
e7baf5e6-dee3-49c5-95c9-3cc66aa9b970,0xe4b2559ab155aeb5fb6658e2b79a2331bc2bbc8450dbb5fbe3491aa92c03c693,"Will the price of Bitcoin be above $78,000 on April 29?",NO,SIGNAL_BASED,SIGNAL_BASED,0.605,0.875,30.13839991056863,18.23373194589402,8.137367975853529,44.62809917355371,TAKE_PROFIT,POLY_SESSION_004,True,2026-04-29 11:01:08.141822+00:00,2026-04-29 12:22:39.637576+00:00,"{'edge': 0.10499999999999998, 'paper': True, 'reasoning': 'BTC[DB:macro BUY=0 SELL=1] → DOWN | Regime: UNKNOWN | Event: UP_EVENT | Side: NO @ 0.605 | Edge: 0.105 | prob=0.71', 'confidence': 80, 'key_factors': [], 'trailing_high': 0.875, 'estimated_prob': 0.71}",1.4
abd8bd81-407c-4647-bd1b-8f6faaedcf97,0x5e2a2b3b03a8cd0878d210a941b7e0fa039fc32fda6bd81f870f5919c8f7c261,"Will Bitcoin dip to $74,000 April 27-May 3?",NO,combinatorial,COMBINATORIAL,0.56,0.3,32.37442597271683,18.129678544721425,-8.417350752906378,-46.428571428571445,STOP_LOSS,POLY_SESSION_004,True,2026-04-28 10:38:26.118739+00:00,2026-04-29 18:12:33.154432+00:00,"{'edge': 0.24, 'paper': True, 'reasoning': 'COMBINATORIAL_ARB | BTC | Threshold $65,000 @ 20.0% < Threshold $74,000 @ 44.0% [VIOLACIÓN 24.0%] → Buy NO of high market', 'confidence': 48, 'key_factors': [], 'trailing_high': 0.77, 'estimated_prob': 0.68}",31.6
9fd1a794-d74d-4a6c-97e7-50269bea1765,0xb4c9330c2f7840279d0ed0483c947e6485e65a7031090624fdfd93bdc9e9cecb,"Will the price of Bitcoin be above $76,000 on April 30?",NO,SIGNAL_BASED,SIGNAL_BASED,0.625,0.365,29.887958944137182,18.67997434008574,-7.770869325475667,-41.6,STOP_LOSS,POLY_SESSION_004,True,2026-04-29 18:59:53.134641+00:00,2026-04-30 01:30:41.024848+00:00,"{'edge': 0.125, 'paper': True, 'reasoning': 'BTC[DB:macro BUY=0 SELL=1] → DOWN | Regime: UNKNOWN | Event: UP_EVENT | Side: NO @ 0.625 | Edge: 0.125 | prob=0.75', 'confidence': 80, 'key_factors': [], 'estimated_prob': 0.75}",6.5
258b6a51-055c-430b-8512-14267f295a17,0x0ef24f1906da19120912d14074dd70dc33c150b94b9f2a879df1d33825d7c045,"Will Ethereum dip to $2,200 April 27-May 3?",YES,SIGNAL_BASED,SIGNAL_BASED,0.39,0.22,47.39923745371499,18.485702606948845,-8.057870367131548,-43.58974358974359,STOP_LOSS,POLY_SESSION_004,True,2026-05-01 00:06:00.620167+00:00,2026-05-01 03:23:27.847286+00:00,"{'edge': 0.10999999999999999, 'paper': True, 'reasoning': 'BTC[DB:macro BUY=0 SELL=1] → DOWN | Regime: UNKNOWN | Event: DOWN_EVENT | Side: YES @ 0.390 | Edge: 0.110 | prob=0.50', 'confidence': 80, 'key_factors': [], 'estimated_prob': 0.5}",3.3
